dfi_last_7_days,age
2.19,132.0
2.7,132.0
1.49,132.0
2.47,132.0
1.61,132.0
1.57,132.0
1.81,132.0
2.34,141.0
1.46,141.0
1.16,141.0
1.13,141.0
2.3,141.0
1.61,141.0
1.83,141.0
1.98,111.0
1.25,111.0
1.52,111.0
1.6,111.0
1.77,111.0
2.43,111.0
2.84,111.0
2.7,110.0
1.72,110.0
1.87,110.0
2.77,110.0
2.41,110.0
2.04,110.0
2.7,110.0
1.53,195.0
2.63,195.0
2.94,195.0
2.41,195.0
2.88,195.0
1.83,195.0
2.19,195.0
1.59,118.0
1.79,118.0
2.61,118.0
2.69,118.0
2.67,118.0
2.86,118.0
2.4,118.0
2.42,116.0
2.35,116.0
2.55,116.0
1.11,116.0
1.93,116.0
1.14,116.0
2.39,116.0
2.2,143.0
1.3,143.0
2.48,143.0
2.45,143.0
2.64,143.0
2.8,143.0
1.5,143.0
2.3,127.0
2.74,127.0
1.19,127.0
2.29,127.0
1.19,127.0
1.13,127.0
2.97,127.0
2.8,192.0
2.88,192.0
2.11,192.0
2.63,192.0
2.55,192.0
2.18,192.0
1.58,192.0
2.91,121.0
1.32,121.0
2.3,121.0
1.87,121.0
1.78,121.0
1.6,121.0
1.85,121.0
2.93,184.0
2.03,184.0
2.27,184.0
2.13,184.0
2.72,184.0
2.04,184.0
2.02,184.0
1.11,163.0
1.23,163.0
1.03,163.0
2.69,163.0
2.88,163.0
2.43,163.0
2.34,163.0
1.12,135.0
2.11,135.0
1.4,135.0
2.82,135.0
1.99,135.0
2.05,135.0
1.52,135.0
1.71,154.0
2.79,154.0
1.55,154.0
2.0,154.0
1.13,154.0
1.55,154.0
2.32,154.0
2.28,125.0
2.22,125.0
1.28,125.0
1.06,125.0
1.86,125.0
1.94,125.0
1.07,125.0
1.12,140.0
2.49,140.0
2.28,140.0
1.54,140.0
1.45,140.0
2.04,140.0
2.77,140.0
2.25,191.0
1.96,191.0
2.48,191.0
1.67,191.0
1.28,191.0
2.7,191.0
1.02,191.0
2.11,149.0
1.18,149.0
2.79,149.0
2.4,149.0
1.42,149.0
2.2,149.0
2.56,149.0
2.28,114.0
1.28,114.0
1.45,114.0
2.37,114.0
2.47,114.0
2.32,114.0
1.03,114.0
1.11,140.0
1.0,140.0
1.63,140.0
2.42,140.0
2.02,140.0
1.75,140.0
2.85,140.0
1.2,110.0
1.04,110.0
1.14,110.0
2.58,110.0
2.87,110.0
2.72,110.0
1.61,110.0
2.66,174.0
2.07,174.0
1.05,174.0
1.91,174.0
1.74,174.0
2.11,174.0
2.46,174.0
1.16,136.0
1.53,136.0
1.54,136.0
1.21,136.0
2.19,136.0
1.49,136.0
2.23,136.0
1.79,188.0
2.57,188.0
1.83,188.0
1.9,188.0
1.52,188.0
2.58,188.0
2.52,188.0
1.43,166.0
2.57,166.0
1.21,166.0
2.13,166.0
2.75,166.0
1.14,166.0
2.63,166.0
1.21,124.0
1.36,124.0
2.99,124.0
2.6,124.0
2.54,124.0
1.57,124.0
2.3,124.0
2.23,178.0
1.06,178.0
1.26,178.0
1.33,178.0
2.16,178.0
1.96,178.0
2.94,178.0
1.06,182.0
1.08,182.0
1.62,182.0
1.46,182.0
2.32,182.0
2.64,182.0
1.17,182.0
2.89,105.0
1.82,105.0
2.96,105.0
1.94,105.0
1.02,105.0
2.65,105.0
2.35,105.0
1.38,149.0
1.59,149.0
2.85,149.0
2.54,149.0
1.18,149.0
1.99,149.0
1.16,149.0
1.54,101.0
1.28,101.0
1.73,101.0
1.35,101.0
2.83,101.0
1.09,101.0
2.69,101.0
2.06,115.0
2.19,115.0
2.18,115.0
2.65,115.0
1.85,115.0
2.3,115.0
2.63,115.0
2.63,189.0
1.84,189.0
1.92,189.0
2.54,189.0
2.66,189.0
1.95,189.0
2.01,189.0
1.38,164.0
1.39,164.0
1.88,164.0
2.68,164.0
2.95,164.0
2.98,164.0
1.72,164.0
1.8,178.0
2.92,178.0
2.68,178.0
2.23,178.0
2.16,178.0
2.06,178.0
2.53,178.0
1.39,119.0
2.95,119.0
2.12,119.0
2.99,119.0
2.39,119.0
1.73,119.0
2.0,119.0
1.83,133.0
1.04,133.0
1.84,133.0
2.35,133.0
2.24,133.0
1.29,133.0
1.52,133.0
2.8,185.0
2.9,185.0
1.86,185.0
1.93,185.0
2.08,185.0
1.36,185.0
1.0,185.0
1.62,187.0
2.6,187.0
1.76,187.0
1.94,187.0
2.79,187.0
1.94,187.0
1.57,187.0
2.39,158.0
1.99,158.0
1.91,158.0
1.6,158.0
1.1,158.0
1.83,158.0
2.38,158.0
2.09,198.0
1.55,198.0
2.22,198.0
2.41,198.0
2.59,198.0
1.67,198.0
1.46,198.0
2.32,180.0
1.01,180.0
2.29,180.0
1.53,180.0
1.47,180.0
2.27,180.0
2.0,180.0
1.04,197.0
1.21,197.0
1.44,197.0
2.85,197.0
2.67,197.0
2.57,197.0
1.03,197.0
2.95,114.0
2.98,114.0
1.63,114.0
2.03,114.0
2.94,114.0
2.66,114.0
2.09,114.0
1.71,123.0
1.19,123.0
2.6,123.0
2.37,123.0
2.13,123.0
2.98,123.0
2.26,123.0
2.61,196.0
1.46,196.0
2.9,196.0
1.85,196.0
2.33,196.0
1.39,196.0
2.44,196.0
2.66,133.0
2.75,133.0
2.62,133.0
1.48,133.0
2.47,133.0
2.98,133.0
1.13,133.0
2.54,131.0
1.38,131.0
1.44,131.0
1.72,131.0
2.65,131.0
1.36,131.0
2.78,131.0
2.6,100.0
1.13,100.0
2.31,100.0
2.49,100.0
2.75,100.0
1.77,100.0
1.56,100.0
2.62,145.0
1.02,145.0
1.39,145.0
1.79,145.0
1.47,145.0
2.32,145.0
2.98,145.0
1.79,199.0
2.2,199.0
2.71,199.0
2.9,199.0
1.88,199.0
1.79,199.0
1.58,199.0
1.68,158.0
2.51,158.0
1.9,158.0
1.09,158.0
1.63,158.0
2.79,158.0
1.92,158.0
1.58,125.0
2.91,125.0
1.99,125.0
1.73,125.0
1.83,125.0
1.86,125.0
2.8,125.0
1.91,101.0
1.35,101.0
2.93,101.0
1.37,101.0
1.49,101.0
2.75,101.0
2.7,101.0
1.57,101.0
1.24,101.0
2.43,101.0
2.2,101.0
2.56,101.0
1.88,101.0
2.31,101.0
2.81,164.0
1.81,164.0
1.25,164.0
2.51,164.0
2.59,164.0
1.23,164.0
2.14,164.0
2.38,107.0
2.81,107.0
2.39,107.0
2.31,107.0
1.28,107.0
2.46,107.0
2.68,107.0
1.14,117.0
2.47,117.0
2.1,117.0
1.99,117.0
2.67,117.0
2.74,117.0
1.48,117.0
1.06,147.0
1.5,147.0
1.49,147.0
2.45,147.0
2.07,147.0
1.78,147.0
2.6,147.0
2.64,192.0
1.08,192.0
1.49,192.0
1.41,192.0
2.63,192.0
2.2,192.0
1.06,192.0
1.9,145.0
2.05,145.0
1.18,145.0
1.75,145.0
2.92,145.0
2.91,145.0
1.99,145.0
2.79,173.0
1.07,173.0
2.38,173.0
1.85,173.0
2.69,173.0
1.17,173.0
2.01,173.0
2.84,135.0
2.0,135.0
2.7,135.0
2.7,135.0
1.98,135.0
2.13,135.0
1.45,135.0
1.31,191.0
2.74,191.0
1.55,191.0
1.3,191.0
1.69,191.0
1.79,191.0
2.23,191.0
1.33,159.0
2.3,159.0
2.23,159.0
1.56,159.0
2.46,159.0
2.62,159.0
2.93,159.0
1.6,107.0
1.55,107.0
1.16,107.0
1.41,107.0
1.96,107.0
2.29,107.0
1.45,107.0
2.62,138.0
1.1,138.0
2.04,138.0
2.14,138.0
1.7,138.0
1.19,138.0
1.65,138.0
2.03,145.0
2.65,145.0
1.67,145.0
2.35,145.0
2.35,145.0
1.86,145.0
1.02,145.0
1.31,195.0
2.62,195.0
2.73,195.0
2.72,195.0
2.35,195.0
1.5,195.0
2.39,195.0
2.17,190.0
2.56,190.0
2.42,190.0
1.03,190.0
1.01,190.0
1.45,190.0
2.39,190.0
1.42,105.0
1.4,105.0
1.04,105.0
2.25,105.0
1.08,105.0
2.22,105.0
2.79,105.0
2.47,188.0
1.77,188.0
1.42,188.0
1.57,188.0
1.9,188.0
1.09,188.0
1.44,188.0
1.44,125.0
1.27,125.0
1.84,125.0
3.0,125.0
2.53,125.0
2.78,125.0
2.21,125.0
1.66,140.0
1.57,140.0
2.44,140.0
1.92,140.0
1.92,140.0
2.71,140.0
1.75,140.0
2.51,162.0
1.27,162.0
1.76,162.0
1.18,162.0
2.63,162.0
1.78,162.0
2.39,162.0
2.3,190.0
1.94,190.0
1.14,190.0
1.97,190.0
2.51,190.0
1.34,190.0
1.96,190.0
2.6,129.0
1.04,129.0
2.2,129.0
2.38,129.0
1.69,129.0
1.53,129.0
2.13,129.0
1.15,125.0
1.36,125.0
2.63,125.0
2.9,125.0
1.89,125.0
1.07,125.0
2.35,125.0
2.89,183.0
1.03,183.0
2.01,183.0
1.41,183.0
2.53,183.0
2.72,183.0
2.01,183.0
1.22,149.0
2.66,149.0
2.69,149.0
1.22,149.0
1.75,149.0
2.55,149.0
2.91,149.0
2.85,163.0
1.67,163.0
2.93,163.0
1.82,163.0
2.48,163.0
1.46,163.0
2.63,163.0
2.07,192.0
1.96,192.0
1.8,192.0
1.15,192.0
2.97,192.0
2.26,192.0
2.9,192.0
1.05,147.0
1.74,147.0
1.06,147.0
2.74,147.0
2.56,147.0
2.31,147.0
1.1,147.0
2.99,171.0
1.33,171.0
2.23,171.0
1.68,171.0
1.49,171.0
2.52,171.0
1.08,171.0
2.43,136.0
1.65,136.0
1.41,136.0
1.47,136.0
2.69,136.0
1.11,136.0
1.55,136.0
2.59,124.0
2.94,124.0
2.75,124.0
1.12,124.0
2.31,124.0
2.96,124.0
2.89,124.0
1.49,128.0
2.35,128.0
1.71,128.0
1.68,128.0
1.12,128.0
1.76,128.0
1.79,128.0
1.19,172.0
1.87,172.0
2.85,172.0
1.84,172.0
2.82,172.0
1.92,172.0
1.68,172.0
2.31,179.0
2.4,179.0
1.4,179.0
2.87,179.0
1.94,179.0
2.41,179.0
2.24,179.0
1.9,119.0
2.0,119.0
2.94,119.0
1.71,119.0
2.75,119.0
2.29,119.0
1.95,119.0
1.02,148.0
1.49,148.0
1.57,148.0
1.53,148.0
2.93,148.0
2.49,148.0
1.2,148.0
2.91,195.0
2.07,195.0
1.07,195.0
2.7,195.0
1.12,195.0
2.68,195.0
2.58,195.0
2.66,196.0
2.03,196.0
2.03,196.0
2.21,196.0
2.75,196.0
2.67,196.0
2.5,196.0
2.69,130.0
1.66,130.0
2.97,130.0
2.12,130.0
1.54,130.0
2.75,130.0
1.06,130.0
1.72,141.0
1.11,141.0
1.3,141.0
1.53,141.0
2.17,141.0
1.15,141.0
2.81,141.0
2.41,114.0
1.86,114.0
2.27,114.0
1.77,114.0
1.64,114.0
2.21,114.0
1.46,114.0
2.4,192.0
2.1,192.0
1.34,192.0
1.56,192.0
2.41,192.0
2.61,192.0
1.12,192.0
2.68,163.0
1.43,163.0
2.81,163.0
2.83,163.0
2.6,163.0
2.38,163.0
2.26,163.0
2.56,178.0
1.2,178.0
2.16,178.0
1.47,178.0
2.3,178.0
1.5,178.0
2.35,178.0
2.03,183.0
2.2,183.0
1.21,183.0
1.73,183.0
1.43,183.0
1.09,183.0
1.32,183.0
1.51,178.0
1.59,178.0
1.26,178.0
1.11,178.0
2.17,178.0
1.0,178.0
1.7,178.0
1.75,127.0
1.83,127.0
2.4,127.0
1.77,127.0
1.03,127.0
2.42,127.0
1.99,127.0
2.45,144.0
2.93,144.0
2.96,144.0
2.34,144.0
1.51,144.0
2.7,144.0
1.47,144.0
1.63,175.0
2.49,175.0
1.63,175.0
3.0,175.0
2.37,175.0
1.49,175.0
2.2,175.0
2.67,169.0
1.47,169.0
1.94,169.0
2.52,169.0
2.55,169.0
2.71,169.0
2.44,169.0
2.4,103.0
2.81,103.0
1.44,103.0
2.64,103.0
2.08,103.0
1.52,103.0
1.29,103.0
1.57,181.0
2.78,181.0
2.52,181.0
2.19,181.0
2.14,181.0
2.58,181.0
2.55,181.0
1.74,187.0
2.24,187.0
2.42,187.0
2.84,187.0
2.91,187.0
2.21,187.0
2.25,187.0
2.28,108.0
1.83,108.0
2.4,108.0
2.06,108.0
1.24,108.0
1.07,108.0
1.32,108.0
2.72,157.0
1.85,157.0
2.52,157.0
2.77,157.0
2.52,157.0
2.17,157.0
2.8,157.0
1.7,169.0
1.3,169.0
2.77,169.0
2.3,169.0
1.76,169.0
2.21,169.0
1.29,169.0
1.66,191.0
2.58,191.0
1.13,191.0
1.49,191.0
2.62,191.0
2.32,191.0
2.99,191.0
2.44,111.0
1.74,111.0
1.95,111.0
2.15,111.0
1.99,111.0
2.24,111.0
2.04,111.0
1.82,160.0
1.92,160.0
1.77,160.0
1.03,160.0
1.82,160.0
2.09,160.0
1.38,160.0
1.23,192.0
1.24,192.0
1.68,192.0
1.04,192.0
2.15,192.0
1.53,192.0
1.9,192.0
2.53,126.0
2.08,126.0
1.92,126.0
2.6,126.0
1.38,126.0
1.52,126.0
1.43,126.0
1.69,186.0
2.34,186.0
1.04,186.0
1.41,186.0
1.33,186.0
1.7,186.0
1.16,186.0
1.41,152.0
2.09,152.0
1.78,152.0
2.74,152.0
2.19,152.0
1.33,152.0
2.87,152.0
2.38,149.0
1.35,149.0
1.27,149.0
2.21,149.0
2.76,149.0
2.79,149.0
2.94,149.0
1.46,190.0
2.65,190.0
1.77,190.0
1.22,190.0
2.27,190.0
2.05,190.0
2.38,190.0
1.74,170.0
1.1,170.0
2.22,170.0
1.92,170.0
2.05,170.0
1.52,170.0
2.07,170.0
1.19,122.0
1.48,122.0
2.67,122.0
1.37,122.0
2.58,122.0
2.38,122.0
2.71,122.0
1.0,108.0
2.93,108.0
1.67,108.0
1.14,108.0
1.01,108.0
1.64,108.0
1.36,108.0
2.69,130.0
2.61,130.0
2.83,130.0
2.73,130.0
1.82,130.0
2.98,130.0
1.52,130.0
2.51,195.0
2.85,195.0
2.39,195.0
2.82,195.0
1.29,195.0
2.89,195.0
1.52,195.0
2.55,176.0
2.01,176.0
1.2,176.0
2.95,176.0
2.8,176.0
1.94,176.0
2.85,176.0
1.27,118.0
1.52,118.0
1.8,118.0
1.88,118.0
1.01,118.0
1.41,118.0
1.15,118.0
1.93,199.0
2.13,199.0
1.76,199.0
2.08,199.0
2.29,199.0
1.67,199.0
1.54,199.0
1.83,184.0
2.51,184.0
2.49,184.0
1.1,184.0
1.91,184.0
2.64,184.0
1.04,184.0
2.85,144.0
2.78,144.0
2.99,144.0
2.82,144.0
2.46,144.0
1.89,144.0
2.13,144.0
2.88,153.0
1.96,153.0
1.74,153.0
1.27,153.0
2.75,153.0
1.24,153.0
2.87,153.0
1.58,168.0
1.99,168.0
1.92,168.0
1.29,168.0
1.29,168.0
1.81,168.0
2.44,168.0
2.96,103.0
2.51,103.0
2.3,103.0
2.47,103.0
1.68,103.0
2.27,103.0
2.4,103.0
1.12,122.0
1.79,122.0
1.22,122.0
2.88,122.0
1.1,122.0
1.32,122.0
1.64,122.0
2.48,190.0
1.19,190.0
2.4,190.0
2.93,190.0
2.39,190.0
1.88,190.0
2.9,190.0
1.5,116.0
1.84,116.0
1.96,116.0
1.48,116.0
2.54,116.0
1.86,116.0
1.34,116.0
2.1,199.0
1.11,199.0
1.97,199.0
2.69,199.0
2.53,199.0
2.81,199.0
2.49,199.0
2.86,158.0
2.87,158.0
2.49,158.0
2.14,158.0
1.72,158.0
1.13,158.0
2.01,158.0
2.12,163.0
2.99,163.0
2.45,163.0
2.37,163.0
2.24,163.0
1.6,163.0
1.28,163.0
2.05,133.0
1.16,133.0
2.84,133.0
2.99,133.0
1.89,133.0
1.85,133.0
1.97,133.0
1.47,138.0
1.02,138.0
1.49,138.0
2.5,138.0
2.33,138.0
1.53,138.0
2.58,138.0
1.44,117.0
1.69,117.0
2.75,117.0
2.42,117.0
1.53,117.0
2.74,117.0
1.6,117.0
1.58,118.0
2.0,118.0
2.1,118.0
2.44,118.0
1.51,118.0
2.2,118.0
1.24,118.0
1.48,172.0
2.38,172.0
2.8,172.0
1.47,172.0
2.98,172.0
2.88,172.0
2.19,172.0
2.74,193.0
1.81,193.0
1.31,193.0
1.01,193.0
2.94,193.0
1.81,193.0
2.52,193.0
1.98,101.0
1.21,101.0
2.88,101.0
1.13,101.0
2.85,101.0
2.19,101.0
1.76,101.0
2.2,162.0
1.17,162.0
2.06,162.0
1.73,162.0
1.13,162.0
1.14,162.0
1.89,162.0
1.54,156.0
1.02,156.0
1.94,156.0
1.36,156.0
2.61,156.0
2.87,156.0
2.1,156.0
2.41,108.0
2.35,108.0
1.51,108.0
1.0,108.0
1.58,108.0
2.72,108.0
1.34,108.0
1.09,182.0
2.85,182.0
1.05,182.0
1.16,182.0
1.27,182.0
2.53,182.0
2.25,182.0
1.63,153.0
2.68,153.0
2.39,153.0
2.26,153.0
1.35,153.0
2.38,153.0
1.09,153.0
1.33,120.0
1.17,120.0
2.73,120.0
1.33,120.0
2.94,120.0
1.5,120.0
2.32,120.0
2.56,174.0
1.71,174.0
1.85,174.0
1.72,174.0
2.77,174.0
2.94,174.0
1.78,174.0
2.29,112.0
1.56,112.0
1.05,112.0
1.87,112.0
1.22,112.0
1.34,112.0
2.34,112.0
1.96,122.0
2.36,122.0
1.94,122.0
1.87,122.0
1.82,122.0
2.8,122.0
1.16,122.0
1.17,154.0
2.07,154.0
1.98,154.0
1.89,154.0
1.49,154.0
2.92,154.0
1.33,154.0
1.56,183.0
1.26,183.0
2.95,183.0
2.48,183.0
2.11,183.0
1.47,183.0
1.42,183.0
2.78,130.0
2.48,130.0
1.17,130.0
1.27,130.0
2.69,130.0
1.97,130.0
1.14,130.0
1.72,155.0
1.61,155.0
1.01,155.0
2.39,155.0
1.04,155.0
2.18,155.0
2.35,155.0
1.91,192.0
1.68,192.0
2.62,192.0
1.66,192.0
2.95,192.0
1.15,192.0
2.31,192.0
2.81,110.0
2.36,110.0
1.7,110.0
2.25,110.0
2.45,110.0
1.39,110.0
2.19,110.0
2.73,120.0
1.97,120.0
1.26,120.0
1.61,120.0
1.17,120.0
1.5,120.0
2.35,120.0
1.81,146.0
2.69,146.0
1.56,146.0
1.41,146.0
1.85,146.0
2.72,146.0
2.34,146.0
2.27,140.0
1.96,140.0
1.34,140.0
1.64,140.0
2.94,140.0
2.0,140.0
1.31,140.0
1.87,101.0
2.85,101.0
1.59,101.0
1.92,101.0
1.89,101.0
2.86,101.0
2.9,101.0
1.73,149.0
2.1,149.0
1.49,149.0
2.92,149.0
2.9,149.0
1.57,149.0
1.88,149.0
1.7,174.0
2.78,174.0
1.34,174.0
2.99,174.0
1.3,174.0
2.33,174.0
2.42,174.0
1.26,110.0
2.67,110.0
1.41,110.0
2.31,110.0
2.38,110.0
1.62,110.0
2.64,110.0
2.43,175.0
2.69,175.0
2.68,175.0
2.2,175.0
1.46,175.0
2.62,175.0
2.35,175.0
2.95,133.0
2.58,133.0
1.35,133.0
1.14,133.0
2.42,133.0
2.41,133.0
1.38,133.0
1.31,174.0
2.06,174.0
2.39,174.0
2.23,174.0
1.39,174.0
2.65,174.0
2.34,174.0
1.04,187.0
2.75,187.0
1.32,187.0
2.19,187.0
1.55,187.0
1.44,187.0
2.29,187.0
2.85,127.0
1.59,127.0
1.55,127.0
2.81,127.0
1.18,127.0
1.06,127.0
2.59,127.0
1.6,123.0
1.53,123.0
1.07,123.0
1.76,123.0
1.69,123.0
2.85,123.0
1.75,123.0
1.91,100.0
1.64,100.0
1.62,100.0
2.08,100.0
2.84,100.0
1.56,100.0
1.21,100.0
1.79,176.0
1.7,176.0
1.17,176.0
2.19,176.0
2.37,176.0
2.54,176.0
2.35,176.0
1.74,107.0
1.36,107.0
2.95,107.0
1.43,107.0
1.47,107.0
2.17,107.0
2.32,107.0
1.68,188.0
2.4,188.0
2.09,188.0
2.25,188.0
2.92,188.0
2.7,188.0
1.52,188.0
2.19,157.0
1.77,157.0
2.36,157.0
1.06,157.0
1.67,157.0
1.35,157.0
2.05,157.0
2.09,148.0
2.23,148.0
1.8,148.0
2.37,148.0
2.1,148.0
2.89,148.0
1.63,148.0
1.4,183.0
1.64,183.0
1.47,183.0
1.57,183.0
2.4,183.0
1.65,183.0
1.49,183.0
2.81,139.0
1.17,139.0
2.43,139.0
2.46,139.0
1.69,139.0
2.78,139.0
2.84,139.0
1.89,191.0
2.79,191.0
2.63,191.0
2.75,191.0
1.01,191.0
2.62,191.0
1.21,191.0
1.33,136.0
1.35,136.0
3.0,136.0
1.21,136.0
1.7,136.0
2.62,136.0
2.43,136.0
1.02,103.0
1.17,103.0
1.68,103.0
2.31,103.0
1.78,103.0
2.46,103.0
2.09,103.0
2.63,175.0
1.7,175.0
2.12,175.0
1.55,175.0
2.01,175.0
1.29,175.0
2.99,175.0
1.54,118.0
2.39,118.0
2.32,118.0
1.69,118.0
1.95,118.0
1.78,118.0
2.95,118.0
2.82,122.0
1.52,122.0
2.89,122.0
1.97,122.0
2.29,122.0
2.31,122.0
1.57,122.0
2.16,195.0
1.7,195.0
1.88,195.0
1.51,195.0
1.67,195.0
1.22,195.0
1.15,195.0
2.05,146.0
2.64,146.0
1.91,146.0
1.9,146.0
2.59,146.0
2.98,146.0
2.96,146.0
2.79,186.0
1.18,186.0
1.25,186.0
1.95,186.0
1.71,186.0
2.07,186.0
2.26,186.0
2.07,180.0
2.19,180.0
2.38,180.0
2.59,180.0
2.49,180.0
1.86,180.0
1.32,180.0
2.41,109.0
1.82,109.0
2.92,109.0
2.05,109.0
1.5,109.0
2.87,109.0
1.2,109.0
2.47,168.0
2.61,168.0
2.41,168.0
1.46,168.0
2.96,168.0
1.92,168.0
2.19,168.0
1.77,179.0
1.4,179.0
2.12,179.0
2.01,179.0
1.64,179.0
1.03,179.0
2.97,179.0
1.76,177.0
1.21,177.0
1.71,177.0
2.82,177.0
2.12,177.0
2.92,177.0
2.15,177.0
1.53,153.0
2.82,153.0
1.19,153.0
1.16,153.0
2.91,153.0
2.58,153.0
1.69,153.0
1.59,106.0
2.55,106.0
2.9,106.0
1.53,106.0
2.82,106.0
1.45,106.0
1.29,106.0
1.76,100.0
1.85,100.0
1.16,100.0
2.26,100.0
2.02,100.0
2.61,100.0
1.77,100.0
1.95,175.0
2.65,175.0
2.52,175.0
2.45,175.0
2.52,175.0
2.59,175.0
2.8,175.0
1.4,137.0
1.41,137.0
2.34,137.0
1.59,137.0
2.64,137.0
1.58,137.0
1.58,137.0
2.16,180.0
1.87,180.0
1.45,180.0
2.36,180.0
2.02,180.0
1.67,180.0
2.44,180.0
1.02,194.0
2.43,194.0
1.22,194.0
2.88,194.0
1.96,194.0
2.48,194.0
1.68,194.0
2.58,122.0
2.81,122.0
1.89,122.0
2.26,122.0
2.82,122.0
2.8,122.0
2.4,122.0
1.57,112.0
1.35,112.0
2.54,112.0
1.62,112.0
1.55,112.0
2.26,112.0
2.01,112.0
1.92,114.0
1.98,114.0
1.42,114.0
2.11,114.0
1.29,114.0
1.71,114.0
1.16,114.0
2.62,135.0
2.64,135.0
2.82,135.0
2.96,135.0
1.68,135.0
1.57,135.0
1.79,135.0
1.92,102.0
1.98,102.0
1.72,102.0
2.69,102.0
1.3,102.0
2.2,102.0
2.51,102.0
1.63,112.0
1.44,112.0
2.03,112.0
1.58,112.0
1.88,112.0
2.74,112.0
2.75,112.0
2.47,181.0
2.18,181.0
2.62,181.0
1.15,181.0
2.93,181.0
2.47,181.0
1.15,181.0
2.87,173.0
1.82,173.0
1.07,173.0
2.67,173.0
2.86,173.0
2.27,173.0
1.72,173.0
2.06,153.0
2.99,153.0
2.94,153.0
1.74,153.0
1.32,153.0
2.82,153.0
2.89,153.0
2.33,128.0
2.4,128.0
2.65,128.0
1.8,128.0
2.93,128.0
2.01,128.0
2.79,128.0
2.07,156.0
2.35,156.0
1.85,156.0
2.58,156.0
1.77,156.0
1.85,156.0
2.21,156.0
1.55,184.0
2.45,184.0
1.7,184.0
1.67,184.0
2.26,184.0
2.01,184.0
1.05,184.0
2.11,181.0
1.76,181.0
2.45,181.0
1.5,181.0
2.31,181.0
1.63,181.0
2.75,181.0
1.88,135.0
1.45,135.0
2.05,135.0
2.69,135.0
1.45,135.0
2.88,135.0
1.85,135.0
2.19,121.0
2.97,121.0
2.27,121.0
2.64,121.0
2.04,121.0
1.72,121.0
2.5,121.0
2.67,141.0
2.49,141.0
2.51,141.0
2.54,141.0
1.69,141.0
1.83,141.0
1.17,141.0
2.54,113.0
1.1,113.0
1.1,113.0
1.61,113.0
1.62,113.0
1.62,113.0
2.05,113.0
1.27,183.0
1.04,183.0
2.04,183.0
1.55,183.0
1.25,183.0
2.71,183.0
1.82,183.0
1.68,193.0
2.63,193.0
1.24,193.0
2.96,193.0
1.2,193.0
1.62,193.0
1.37,193.0
2.65,178.0
2.26,178.0
1.95,178.0
2.68,178.0
1.22,178.0
1.09,178.0
2.77,178.0
2.18,121.0
1.42,121.0
2.24,121.0
2.92,121.0
2.01,121.0
2.27,121.0
1.82,121.0
1.01,114.0
2.25,114.0
2.71,114.0
2.36,114.0
1.79,114.0
2.03,114.0
2.44,114.0
1.81,145.0
2.16,145.0
2.33,145.0
2.49,145.0
1.79,145.0
2.2,145.0
1.13,145.0
1.2,191.0
2.37,191.0
1.44,191.0
2.99,191.0
1.3,191.0
2.02,191.0
2.23,191.0
1.84,189.0
1.72,189.0
1.09,189.0
2.01,189.0
1.56,189.0
2.2,189.0
1.5,189.0
2.95,165.0
1.43,165.0
1.44,165.0
1.39,165.0
2.04,165.0
2.64,165.0
1.95,165.0
2.2,197.0
2.43,197.0
1.65,197.0
1.36,197.0
1.28,197.0
2.5,197.0
2.12,197.0
1.15,142.0
1.33,142.0
2.56,142.0
2.14,142.0
1.45,142.0
1.2,142.0
1.87,142.0
2.32,187.0
2.87,187.0
2.26,187.0
2.3,187.0
1.6,187.0
2.09,187.0
2.15,187.0
2.01,107.0
1.02,107.0
2.76,107.0
2.41,107.0
1.18,107.0
2.0,107.0
2.16,107.0
1.63,144.0
2.83,144.0
1.23,144.0
2.46,144.0
2.65,144.0
2.51,144.0
1.74,144.0
1.76,199.0
2.74,199.0
2.91,199.0
1.48,199.0
2.01,199.0
2.5,199.0
2.2,199.0
1.18,120.0
1.92,120.0
1.58,120.0
2.52,120.0
1.38,120.0
1.53,120.0
1.02,120.0
2.82,158.0
2.1,158.0
2.38,158.0
1.83,158.0
1.49,158.0
2.65,158.0
2.76,158.0
1.81,153.0
2.14,153.0
1.26,153.0
1.65,153.0
1.3,153.0
2.95,153.0
1.09,153.0
1.12,163.0
1.92,163.0
1.9,163.0
2.79,163.0
2.15,163.0
2.3,163.0
1.7,163.0
2.46,162.0
2.56,162.0
1.05,162.0
1.85,162.0
1.5,162.0
1.26,162.0
2.88,162.0
1.32,126.0
1.39,126.0
2.91,126.0
1.73,126.0
2.65,126.0
2.09,126.0
1.21,126.0
2.96,182.0
2.29,182.0
1.87,182.0
1.26,182.0
1.57,182.0
1.83,182.0
1.88,182.0
2.93,188.0
1.67,188.0
1.73,188.0
1.42,188.0
2.55,188.0
2.31,188.0
1.04,188.0
2.81,118.0
2.25,118.0
2.81,118.0
2.76,118.0
2.84,118.0
1.39,118.0
1.81,118.0
1.77,170.0
2.14,170.0
2.86,170.0
2.92,170.0
1.27,170.0
1.52,170.0
2.88,170.0
2.38,168.0
2.13,168.0
2.71,168.0
2.69,168.0
1.87,168.0
1.55,168.0
1.67,168.0
1.99,174.0
2.22,174.0
2.66,174.0
1.3,174.0
2.8,174.0
1.22,174.0
2.37,174.0
2.02,109.0
1.06,109.0
2.66,109.0
1.39,109.0
1.47,109.0
2.57,109.0
1.66,109.0
1.61,134.0
1.84,134.0
1.35,134.0
2.33,134.0
2.37,134.0
1.03,134.0
2.81,134.0
2.92,139.0
1.23,139.0
1.12,139.0
2.5,139.0
1.64,139.0
2.44,139.0
2.11,139.0
1.33,128.0
2.95,128.0
2.47,128.0
1.92,128.0
2.76,128.0
2.32,128.0
1.73,128.0
2.79,191.0
1.07,191.0
1.31,191.0
2.08,191.0
1.92,191.0
1.98,191.0
1.22,191.0
2.44,146.0
2.5,146.0
1.91,146.0
1.06,146.0
2.59,146.0
1.77,146.0
1.25,146.0
2.57,163.0
2.28,163.0
1.11,163.0
1.68,163.0
2.4,163.0
2.95,163.0
1.6,163.0
1.25,119.0
1.48,119.0
2.86,119.0
2.62,119.0
1.8,119.0
2.93,119.0
1.38,119.0
2.26,171.0
2.97,171.0
1.73,171.0
1.08,171.0
2.05,171.0
2.86,171.0
1.93,171.0
1.14,139.0
1.46,139.0
1.76,139.0
2.13,139.0
2.76,139.0
1.02,139.0
1.96,139.0
2.1,175.0
1.38,175.0
2.27,175.0
2.46,175.0
2.28,175.0
2.35,175.0
2.14,175.0
1.68,175.0
1.44,175.0
1.06,175.0
2.81,175.0
2.72,175.0
2.35,175.0
1.95,175.0
1.58,132.0
1.73,132.0
1.03,132.0
1.08,132.0
1.59,132.0
1.64,132.0
2.56,132.0
1.49,170.0
2.79,170.0
2.85,170.0
2.56,170.0
1.52,170.0
1.89,170.0
2.14,170.0
2.78,158.0
1.64,158.0
1.85,158.0
2.31,158.0
1.86,158.0
2.86,158.0
2.92,158.0
1.21,127.0
1.69,127.0
1.33,127.0
2.1,127.0
2.92,127.0
2.19,127.0
2.76,127.0
2.3,106.0
2.47,106.0
2.93,106.0
1.67,106.0
2.53,106.0
2.26,106.0
1.98,106.0
1.92,173.0
1.2,173.0
1.62,173.0
2.62,173.0
2.59,173.0
2.76,173.0
2.8,173.0
1.34,182.0
1.2,182.0
2.49,182.0
1.69,182.0
1.48,182.0
2.0,182.0
1.36,182.0
1.39,186.0
2.85,186.0
2.01,186.0
1.08,186.0
1.39,186.0
2.09,186.0
1.49,186.0
1.38,182.0
1.5,182.0
2.47,182.0
2.76,182.0
1.57,182.0
2.52,182.0
1.4,182.0
1.15,166.0
2.47,166.0
1.79,166.0
1.58,166.0
1.2,166.0
1.78,166.0
2.6,166.0
2.75,141.0
2.21,141.0
2.67,141.0
1.61,141.0
2.77,141.0
2.67,141.0
1.5,141.0
2.66,116.0
1.46,116.0
2.93,116.0
1.33,116.0
2.56,116.0
2.79,116.0
2.07,116.0
2.25,182.0
2.18,182.0
1.08,182.0
2.31,182.0
2.67,182.0
2.85,182.0
2.67,182.0
2.09,165.0
2.15,165.0
2.09,165.0
2.52,165.0
2.0,165.0
2.68,165.0
1.69,165.0
1.78,162.0
1.32,162.0
1.74,162.0
2.25,162.0
2.11,162.0
2.99,162.0
1.32,162.0
2.45,113.0
2.32,113.0
1.04,113.0
1.1,113.0
2.45,113.0
2.5,113.0
1.4,113.0
2.34,108.0
2.11,108.0
2.66,108.0
1.19,108.0
2.95,108.0
1.72,108.0
2.56,108.0
1.48,119.0
1.98,119.0
2.93,119.0
2.65,119.0
2.4,119.0
2.96,119.0
1.11,119.0
1.87,192.0
1.67,192.0
1.09,192.0
2.73,192.0
2.86,192.0
1.42,192.0
2.72,192.0
1.22,154.0
2.04,154.0
2.3,154.0
2.7,154.0
2.56,154.0
2.32,154.0
1.17,154.0
2.85,131.0
1.23,131.0
2.28,131.0
2.81,131.0
2.92,131.0
1.44,131.0
1.04,131.0
2.67,119.0
2.5,119.0
2.43,119.0
2.37,119.0
2.72,119.0
1.52,119.0
2.66,119.0
1.39,198.0
2.65,198.0
1.95,198.0
1.36,198.0
2.92,198.0
1.53,198.0
2.58,198.0
2.75,126.0
2.45,126.0
1.49,126.0
2.57,126.0
2.7,126.0
2.63,126.0
2.49,126.0
2.65,176.0
1.41,176.0
2.69,176.0
1.57,176.0
2.85,176.0
2.9,176.0
2.77,176.0
1.56,161.0
1.57,161.0
1.41,161.0
2.54,161.0
1.32,161.0
2.23,161.0
1.57,161.0
1.55,169.0
2.11,169.0
2.81,169.0
2.05,169.0
2.31,169.0
2.73,169.0
2.76,169.0
1.39,173.0
2.55,173.0
1.11,173.0
1.09,173.0
2.02,173.0
2.32,173.0
2.29,173.0
3.0,136.0
2.52,136.0
3.0,136.0
2.73,136.0
1.67,136.0
1.56,136.0
2.59,136.0
2.62,194.0
2.84,194.0
1.46,194.0
2.95,194.0
2.17,194.0
1.35,194.0
2.25,194.0
2.09,139.0
2.96,139.0
2.18,139.0
1.13,139.0
1.4,139.0
1.03,139.0
2.08,139.0
1.47,119.0
1.28,119.0
1.73,119.0
2.91,119.0
2.4,119.0
1.48,119.0
2.59,119.0
2.95,104.0
1.68,104.0
1.24,104.0
1.65,104.0
2.52,104.0
1.78,104.0
2.92,104.0
2.57,199.0
2.38,199.0
2.97,199.0
2.8,199.0
1.45,199.0
1.35,199.0
2.02,199.0
1.88,113.0
1.7,113.0
1.23,113.0
1.51,113.0
2.63,113.0
1.08,113.0
1.33,113.0
2.89,158.0
1.56,158.0
1.17,158.0
2.3,158.0
1.52,158.0
2.31,158.0
1.38,158.0
1.88,173.0
1.61,173.0
1.02,173.0
1.0,173.0
1.43,173.0
2.7,173.0
1.45,173.0
2.42,170.0
2.85,170.0
1.02,170.0
2.27,170.0
1.83,170.0
2.83,170.0
2.06,170.0
1.41,183.0
2.58,183.0
1.01,183.0
1.97,183.0
2.7,183.0
2.58,183.0
1.55,183.0
2.72,158.0
1.43,158.0
1.59,158.0
1.04,158.0
2.57,158.0
2.91,158.0
1.46,158.0
2.47,130.0
1.33,130.0
1.34,130.0
2.25,130.0
2.71,130.0
2.74,130.0
1.01,130.0
1.29,127.0
1.8,127.0
2.49,127.0
2.47,127.0
2.63,127.0
1.95,127.0
2.19,127.0
1.34,181.0
2.84,181.0
1.25,181.0
1.83,181.0
2.82,181.0
1.97,181.0
1.91,181.0
2.35,189.0
2.0,189.0
2.28,189.0
2.51,189.0
1.77,189.0
2.61,189.0
2.39,189.0
1.87,182.0
1.32,182.0
2.84,182.0
1.73,182.0
1.12,182.0
1.29,182.0
1.18,182.0
2.51,123.0
1.16,123.0
2.73,123.0
2.51,123.0
1.87,123.0
1.12,123.0
1.31,123.0
1.69,158.0
1.99,158.0
1.9,158.0
2.46,158.0
2.71,158.0
2.87,158.0
1.16,158.0
1.87,127.0
2.24,127.0
1.64,127.0
2.13,127.0
2.66,127.0
1.22,127.0
1.37,127.0
1.25,160.0
2.2,160.0
1.69,160.0
2.28,160.0
1.57,160.0
1.15,160.0
2.6,160.0
1.83,193.0
1.14,193.0
1.39,193.0
1.19,193.0
1.66,193.0
2.62,193.0
2.63,193.0
2.76,118.0
1.94,118.0
1.15,118.0
2.35,118.0
2.94,118.0
1.72,118.0
1.24,118.0
1.51,101.0
2.92,101.0
1.47,101.0
1.83,101.0
2.22,101.0
1.83,101.0
2.44,101.0
1.74,109.0
2.55,109.0
2.57,109.0
1.4,109.0
1.96,109.0
1.12,109.0
1.88,109.0
1.3,179.0
2.95,179.0
1.9,179.0
1.81,179.0
2.1,179.0
1.07,179.0
2.63,179.0
2.75,136.0
2.86,136.0
2.52,136.0
1.01,136.0
1.15,136.0
2.62,136.0
2.71,136.0
2.6,139.0
2.73,139.0
1.69,139.0
2.66,139.0
2.5,139.0
2.8,139.0
2.21,139.0
1.34,132.0
2.75,132.0
1.84,132.0
1.61,132.0
1.71,132.0
2.37,132.0
1.84,132.0
1.7,101.0
2.17,101.0
2.13,101.0
1.21,101.0
1.31,101.0
1.25,101.0
1.93,101.0
2.25,120.0
2.86,120.0
1.19,120.0
1.71,120.0
2.84,120.0
1.99,120.0
1.4,120.0
2.83,131.0
1.5,131.0
1.96,131.0
1.71,131.0
1.41,131.0
1.71,131.0
1.53,131.0
1.71,185.0
2.87,185.0
2.47,185.0
2.46,185.0
2.51,185.0
1.04,185.0
2.65,185.0
2.86,193.0
1.99,193.0
2.11,193.0
2.88,193.0
1.65,193.0
2.54,193.0
2.18,193.0
2.86,163.0
2.29,163.0
2.5,163.0
1.29,163.0
2.01,163.0
2.47,163.0
1.96,163.0
1.67,104.0
2.74,104.0
2.37,104.0
2.5,104.0
2.94,104.0
1.19,104.0
2.49,104.0
2.44,186.0
2.73,186.0
2.05,186.0
2.68,186.0
2.25,186.0
1.93,186.0
2.85,186.0
1.05,193.0
2.49,193.0
1.74,193.0
2.57,193.0
2.01,193.0
2.22,193.0
2.28,193.0
2.59,145.0
1.52,145.0
1.71,145.0
1.77,145.0
1.11,145.0
2.59,145.0
2.61,145.0
1.04,158.0
2.0,158.0
1.56,158.0
2.5,158.0
1.95,158.0
1.73,158.0
1.1,158.0
2.14,161.0
2.75,161.0
1.82,161.0
2.42,161.0
2.84,161.0
2.44,161.0
2.26,161.0
1.41,124.0
1.46,124.0
1.7,124.0
1.23,124.0
1.43,124.0
2.85,124.0
1.62,124.0
1.09,114.0
1.58,114.0
1.2,114.0
1.26,114.0
2.21,114.0
3.0,114.0
2.61,114.0
2.82,118.0
1.66,118.0
1.94,118.0
1.07,118.0
2.02,118.0
2.03,118.0
2.01,118.0
2.34,186.0
1.84,186.0
1.68,186.0
1.29,186.0
2.01,186.0
2.73,186.0
2.12,186.0
1.35,179.0
2.97,179.0
1.36,179.0
2.63,179.0
2.89,179.0
1.25,179.0
2.24,179.0
2.02,188.0
2.32,188.0
1.64,188.0
1.17,188.0
1.08,188.0
2.65,188.0
1.68,188.0
1.39,136.0
2.43,136.0
1.43,136.0
1.08,136.0
1.03,136.0
2.71,136.0
1.76,136.0
1.26,153.0
2.31,153.0
2.36,153.0
2.89,153.0
1.74,153.0
2.44,153.0
1.96,153.0
2.06,112.0
1.76,112.0
2.99,112.0
2.4,112.0
1.22,112.0
1.03,112.0
1.53,112.0
2.35,124.0
2.62,124.0
2.39,124.0
1.35,124.0
1.35,124.0
1.34,124.0
2.88,124.0
1.02,189.0
1.97,189.0
1.71,189.0
1.72,189.0
2.78,189.0
1.71,189.0
2.51,189.0
1.88,194.0
1.12,194.0
1.28,194.0
2.33,194.0
1.86,194.0
1.05,194.0
2.57,194.0
1.84,172.0
1.67,172.0
1.54,172.0
1.47,172.0
2.27,172.0
1.53,172.0
2.58,172.0
1.59,163.0
1.19,163.0
2.38,163.0
2.65,163.0
1.37,163.0
1.42,163.0
1.36,163.0
2.18,198.0
2.32,198.0
1.16,198.0
2.58,198.0
2.06,198.0
2.39,198.0
1.71,198.0
1.44,112.0
2.32,112.0
2.97,112.0
1.18,112.0
1.23,112.0
2.76,112.0
2.55,112.0
1.8,189.0
1.5,189.0
2.67,189.0
2.36,189.0
1.09,189.0
1.78,189.0
1.82,189.0
2.08,108.0
1.31,108.0
2.5,108.0
2.63,108.0
2.76,108.0
1.58,108.0
1.7,108.0
1.52,109.0
1.33,109.0
2.79,109.0
1.14,109.0
1.78,109.0
2.64,109.0
1.29,109.0
2.18,117.0
1.52,117.0
2.07,117.0
1.33,117.0
1.88,117.0
1.07,117.0
1.61,117.0
2.57,187.0
2.66,187.0
1.68,187.0
1.68,187.0
2.5,187.0
2.15,187.0
2.15,187.0
1.15,160.0
1.13,160.0
1.79,160.0
1.79,160.0
1.05,160.0
1.4,160.0
1.83,160.0
2.5,177.0
1.48,177.0
2.38,177.0
2.52,177.0
1.32,177.0
2.72,177.0
2.13,177.0
2.57,117.0
2.55,117.0
2.28,117.0
1.22,117.0
1.15,117.0
1.79,117.0
1.01,117.0
2.76,157.0
1.75,157.0
2.74,157.0
1.03,157.0
1.18,157.0
2.06,157.0
2.42,157.0
1.35,137.0
2.22,137.0
2.75,137.0
1.2,137.0
2.62,137.0
1.68,137.0
1.01,137.0
2.36,110.0
2.35,110.0
1.58,110.0
1.5,110.0
2.03,110.0
1.04,110.0
1.36,110.0
2.85,156.0
2.24,156.0
1.77,156.0
2.68,156.0
1.29,156.0
1.65,156.0
1.18,156.0
2.1,160.0
1.83,160.0
1.34,160.0
2.42,160.0
2.34,160.0
1.5,160.0
2.57,160.0
2.48,123.0
1.01,123.0
1.61,123.0
1.05,123.0
2.34,123.0
1.37,123.0
1.73,123.0
1.53,102.0
1.89,102.0
1.96,102.0
1.69,102.0
1.4,102.0
2.95,102.0
2.67,102.0
1.59,194.0
1.58,194.0
2.63,194.0
2.73,194.0
2.64,194.0
2.66,194.0
1.7,194.0
1.28,138.0
1.75,138.0
1.25,138.0
2.63,138.0
1.63,138.0
2.66,138.0
2.58,138.0
1.23,128.0
2.24,128.0
1.38,128.0
1.95,128.0
2.11,128.0
1.68,128.0
2.23,128.0
1.71,199.0
2.94,199.0
2.77,199.0
1.69,199.0
2.02,199.0
1.28,199.0
1.94,199.0
1.17,189.0
2.74,189.0
1.93,189.0
1.66,189.0
2.89,189.0
1.64,189.0
1.52,189.0
2.7,102.0
1.72,102.0
1.55,102.0
2.12,102.0
2.57,102.0
2.83,102.0
1.01,102.0
1.84,104.0
1.24,104.0
2.9,104.0
1.79,104.0
2.21,104.0
1.83,104.0
1.37,104.0
2.54,156.0
1.02,156.0
2.49,156.0
2.67,156.0
2.62,156.0
2.09,156.0
2.18,156.0
1.74,100.0
1.13,100.0
2.13,100.0
1.38,100.0
2.52,100.0
2.92,100.0
2.92,100.0
1.58,171.0
2.62,171.0
1.88,171.0
1.81,171.0
2.49,171.0
2.72,171.0
1.62,171.0
1.27,143.0
1.02,143.0
1.9,143.0
1.95,143.0
1.59,143.0
1.4,143.0
2.05,143.0
1.08,187.0
1.31,187.0
2.69,187.0
1.37,187.0
1.1,187.0
2.51,187.0
2.89,187.0
2.98,155.0
1.03,155.0
1.25,155.0
1.18,155.0
2.55,155.0
2.82,155.0
1.71,155.0
2.41,112.0
2.54,112.0
2.78,112.0
2.51,112.0
2.94,112.0
2.61,112.0
1.21,112.0
2.63,193.0
1.5,193.0
2.46,193.0
1.08,193.0
1.39,193.0
1.78,193.0
1.86,193.0
2.71,153.0
1.24,153.0
2.87,153.0
1.58,153.0
2.68,153.0
1.74,153.0
2.69,153.0
1.47,171.0
2.41,171.0
1.34,171.0
2.62,171.0
1.75,171.0
1.93,171.0
1.42,171.0
1.83,113.0
2.59,113.0
2.95,113.0
3.0,113.0
1.64,113.0
1.98,113.0
1.48,113.0
2.05,197.0
2.63,197.0
1.15,197.0
1.54,197.0
2.25,197.0
2.37,197.0
2.17,197.0
2.04,138.0
1.22,138.0
1.88,138.0
1.17,138.0
2.65,138.0
2.59,138.0
1.42,138.0
1.66,170.0
2.05,170.0
2.09,170.0
1.06,170.0
1.51,170.0
2.09,170.0
2.44,170.0
1.84,144.0
2.02,144.0
2.59,144.0
2.23,144.0
2.74,144.0
2.26,144.0
2.74,144.0
2.44,180.0
1.95,180.0
1.01,180.0
1.31,180.0
2.71,180.0
1.68,180.0
2.29,180.0
2.86,149.0
2.81,149.0
2.84,149.0
1.13,149.0
1.77,149.0
2.58,149.0
1.17,149.0
2.32,119.0
2.65,119.0
2.17,119.0
1.03,119.0
2.1,119.0
1.68,119.0
1.94,119.0
1.11,195.0
1.51,195.0
2.91,195.0
1.55,195.0
2.96,195.0
2.37,195.0
1.01,195.0
1.14,167.0
1.68,167.0
2.95,167.0
2.13,167.0
2.17,167.0
2.42,167.0
1.83,167.0
2.65,128.0
1.51,128.0
2.61,128.0
2.97,128.0
2.7,128.0
1.56,128.0
2.58,128.0
1.61,150.0
1.45,150.0
2.46,150.0
2.28,150.0
2.86,150.0
2.89,150.0
2.8,150.0
1.73,133.0
2.19,133.0
1.85,133.0
1.74,133.0
1.37,133.0
1.12,133.0
2.4,133.0
2.66,152.0
2.82,152.0
1.7,152.0
2.58,152.0
1.7,152.0
2.45,152.0
2.94,152.0
1.92,150.0
2.69,150.0
2.92,150.0
2.05,150.0
2.32,150.0
2.4,150.0
1.42,150.0
2.85,159.0
1.76,159.0
2.87,159.0
1.56,159.0
2.85,159.0
1.83,159.0
2.8,159.0
2.47,187.0
1.41,187.0
1.98,187.0
1.63,187.0
1.79,187.0
1.02,187.0
1.89,187.0
2.06,170.0
2.6,170.0
2.9,170.0
1.86,170.0
2.0,170.0
1.79,170.0
2.23,170.0
2.36,116.0
1.63,116.0
2.97,116.0
2.14,116.0
1.55,116.0
2.43,116.0
1.69,116.0
1.15,106.0
2.04,106.0
2.17,106.0
1.89,106.0
2.33,106.0
1.32,106.0
2.57,106.0
2.93,123.0
2.81,123.0
1.01,123.0
1.78,123.0
2.32,123.0
2.38,123.0
2.33,123.0
2.53,176.0
1.13,176.0
2.58,176.0
2.63,176.0
2.41,176.0
2.55,176.0
2.94,176.0
1.93,151.0
2.54,151.0
2.3,151.0
1.16,151.0
2.48,151.0
2.72,151.0
1.49,151.0
1.49,133.0
1.17,133.0
1.82,133.0
2.73,133.0
2.55,133.0
1.21,133.0
2.05,133.0
1.86,161.0
1.84,161.0
1.9,161.0
1.96,161.0
1.14,161.0
2.67,161.0
2.1,161.0
1.38,114.0
2.27,114.0
2.77,114.0
1.35,114.0
2.15,114.0
1.68,114.0
1.83,114.0
1.13,127.0
2.08,127.0
2.61,127.0
1.95,127.0
1.21,127.0
1.16,127.0
2.62,127.0
2.86,132.0
1.01,132.0
2.73,132.0
2.84,132.0
2.46,132.0
1.78,132.0
1.87,132.0
2.58,177.0
1.76,177.0
1.92,177.0
1.45,177.0
1.33,177.0
2.62,177.0
2.33,177.0
1.77,114.0
2.3,114.0
1.38,114.0
2.1,114.0
1.28,114.0
2.34,114.0
2.22,114.0
2.67,107.0
2.27,107.0
2.85,107.0
1.57,107.0
2.46,107.0
1.01,107.0
2.08,107.0
1.13,142.0
2.27,142.0
2.48,142.0
2.63,142.0
2.16,142.0
1.68,142.0
2.19,142.0
2.78,105.0
1.19,105.0
2.16,105.0
2.4,105.0
2.49,105.0
2.02,105.0
2.78,105.0
2.84,162.0
2.78,162.0
1.71,162.0
2.95,162.0
1.93,162.0
1.8,162.0
1.32,162.0
1.21,119.0
1.28,119.0
2.98,119.0
2.29,119.0
2.5,119.0
1.46,119.0
2.15,119.0
1.96,180.0
1.26,180.0
1.93,180.0
1.01,180.0
1.26,180.0
1.31,180.0
2.42,180.0
1.98,160.0
1.72,160.0
1.47,160.0
1.18,160.0
2.07,160.0
2.91,160.0
1.72,160.0
1.63,129.0
1.22,129.0
2.79,129.0
2.15,129.0
1.15,129.0
1.25,129.0
1.11,129.0
2.69,116.0
2.19,116.0
2.08,116.0
2.73,116.0
1.44,116.0
2.9,116.0
2.34,116.0
1.71,181.0
2.41,181.0
1.84,181.0
2.54,181.0
1.02,181.0
1.53,181.0
1.06,181.0
1.33,103.0
2.87,103.0
1.56,103.0
1.61,103.0
1.98,103.0
2.01,103.0
2.18,103.0
1.05,177.0
2.61,177.0
1.25,177.0
2.24,177.0
2.14,177.0
2.78,177.0
1.91,177.0
2.85,123.0
1.98,123.0
2.9,123.0
1.49,123.0
1.97,123.0
1.38,123.0
2.32,123.0
2.31,102.0
2.51,102.0
2.71,102.0
1.63,102.0
2.77,102.0
1.22,102.0
2.82,102.0
2.69,154.0
1.77,154.0
2.16,154.0
1.3,154.0
1.08,154.0
2.52,154.0
1.17,154.0
2.01,184.0
1.41,184.0
1.83,184.0
2.65,184.0
1.51,184.0
1.74,184.0
1.98,184.0
1.97,121.0
2.73,121.0
2.11,121.0
1.43,121.0
1.86,121.0
2.06,121.0
1.05,121.0
2.49,129.0
1.71,129.0
1.44,129.0
1.78,129.0
1.44,129.0
2.12,129.0
2.54,129.0
2.27,123.0
1.87,123.0
2.02,123.0
2.06,123.0
2.72,123.0
1.01,123.0
2.02,123.0
2.91,150.0
1.78,150.0
2.46,150.0
1.46,150.0
1.12,150.0
2.09,150.0
2.3,150.0
2.16,108.0
1.11,108.0
1.49,108.0
2.1,108.0
1.51,108.0
1.51,108.0
2.5,108.0
2.04,128.0
1.36,128.0
1.2,128.0
1.56,128.0
1.78,128.0
2.33,128.0
2.39,128.0
2.48,148.0
2.68,148.0
2.06,148.0
2.29,148.0
1.62,148.0
2.79,148.0
1.75,148.0
2.56,123.0
2.22,123.0
2.37,123.0
2.95,123.0
1.28,123.0
1.56,123.0
1.77,123.0
2.72,194.0
1.97,194.0
2.26,194.0
1.85,194.0
2.11,194.0
1.63,194.0
2.61,194.0
2.45,171.0
2.33,171.0
2.06,171.0
2.76,171.0
2.33,171.0
1.35,171.0
2.48,171.0
1.88,198.0
2.91,198.0
1.94,198.0
2.52,198.0
1.46,198.0
2.72,198.0
2.95,198.0
1.63,130.0
1.62,130.0
1.6,130.0
2.53,130.0
2.24,130.0
1.07,130.0
2.52,130.0
1.2,138.0
1.24,138.0
1.14,138.0
1.52,138.0
1.08,138.0
2.47,138.0
1.64,138.0
2.69,115.0
2.9,115.0
2.97,115.0
2.08,115.0
2.92,115.0
2.09,115.0
1.57,115.0
1.55,187.0
1.27,187.0
2.44,187.0
1.19,187.0
1.35,187.0
1.27,187.0
2.48,187.0
1.13,139.0
2.85,139.0
2.83,139.0
2.79,139.0
2.31,139.0
2.37,139.0
2.55,139.0
2.61,149.0
1.03,149.0
1.58,149.0
2.95,149.0
2.64,149.0
2.9,149.0
1.37,149.0
1.93,170.0
2.05,170.0
2.53,170.0
1.36,170.0
1.1,170.0
1.63,170.0
1.0,170.0
1.16,194.0
1.11,194.0
1.99,194.0
1.83,194.0
1.08,194.0
2.71,194.0
1.96,194.0
2.17,146.0
2.05,146.0
1.59,146.0
1.79,146.0
2.04,146.0
1.39,146.0
1.63,146.0
2.44,124.0
2.86,124.0
2.64,124.0
2.88,124.0
2.23,124.0
1.94,124.0
1.43,124.0
1.66,111.0
2.34,111.0
2.49,111.0
1.11,111.0
1.37,111.0
1.77,111.0
2.9,111.0
2.78,197.0
2.67,197.0
1.72,197.0
1.31,197.0
2.8,197.0
1.01,197.0
2.36,197.0
2.21,114.0
2.16,114.0
1.34,114.0
2.91,114.0
2.96,114.0
1.06,114.0
1.02,114.0
2.45,104.0
1.82,104.0
2.72,104.0
1.83,104.0
2.85,104.0
1.65,104.0
2.92,104.0
1.81,147.0
2.75,147.0
2.93,147.0
1.92,147.0
2.28,147.0
2.7,147.0
2.5,147.0
1.97,199.0
1.86,199.0
2.19,199.0
1.67,199.0
2.88,199.0
1.46,199.0
2.24,199.0
2.0,164.0
1.92,164.0
1.31,164.0
2.33,164.0
1.12,164.0
1.99,164.0
1.16,164.0
2.2,146.0
1.2,146.0
1.58,146.0
2.07,146.0
2.92,146.0
2.06,146.0
2.01,146.0
2.69,173.0
1.63,173.0
1.51,173.0
2.96,173.0
2.99,173.0
1.09,173.0
2.2,173.0
3.0,187.0
2.8,187.0
2.89,187.0
1.19,187.0
1.52,187.0
2.2,187.0
1.21,187.0
2.62,139.0
2.82,139.0
1.96,139.0
1.59,139.0
1.37,139.0
2.3,139.0
1.5,139.0
1.75,151.0
2.12,151.0
2.49,151.0
2.0,151.0
1.03,151.0
2.26,151.0
2.68,151.0
1.54,195.0
1.23,195.0
2.27,195.0
2.89,195.0
1.91,195.0
2.97,195.0
1.95,195.0
1.52,166.0
1.49,166.0
1.99,166.0
2.93,166.0
1.07,166.0
1.81,166.0
1.25,166.0
2.29,127.0
2.88,127.0
1.7,127.0
2.83,127.0
1.05,127.0
1.41,127.0
1.09,127.0
2.87,192.0
2.62,192.0
2.31,192.0
2.69,192.0
2.8,192.0
1.54,192.0
2.81,192.0
2.15,124.0
1.98,124.0
2.65,124.0
2.54,124.0
2.19,124.0
1.48,124.0
1.67,124.0
1.63,158.0
2.94,158.0
2.59,158.0
2.99,158.0
1.17,158.0
1.4,158.0
1.74,158.0
1.9,102.0
1.22,102.0
2.03,102.0
2.94,102.0
1.08,102.0
1.29,102.0
1.67,102.0
1.73,114.0
2.42,114.0
1.14,114.0
1.76,114.0
2.19,114.0
2.05,114.0
2.56,114.0
2.13,117.0
2.79,117.0
2.29,117.0
1.12,117.0
1.11,117.0
2.92,117.0
2.57,117.0
1.84,171.0
2.92,171.0
2.87,171.0
2.83,171.0
1.74,171.0
2.17,171.0
2.81,171.0
1.83,158.0
2.55,158.0
2.81,158.0
1.42,158.0
1.81,158.0
2.1,158.0
2.06,158.0
1.42,196.0
2.18,196.0
1.15,196.0
2.21,196.0
1.34,196.0
1.24,196.0
1.64,196.0
2.64,131.0
2.29,131.0
2.59,131.0
1.58,131.0
1.23,131.0
1.74,131.0
2.41,131.0
1.45,158.0
1.32,158.0
1.78,158.0
2.97,158.0
1.05,158.0
1.89,158.0
1.7,158.0
2.3,134.0
2.0,134.0
2.9,134.0
2.95,134.0
1.37,134.0
2.43,134.0
2.48,134.0
1.77,125.0
2.05,125.0
2.44,125.0
2.85,125.0
1.67,125.0
1.84,125.0
1.14,125.0
2.36,113.0
2.83,113.0
2.9,113.0
2.88,113.0
1.22,113.0
2.4,113.0
2.59,113.0
1.61,176.0
1.44,176.0
1.56,176.0
2.09,176.0
2.8,176.0
2.75,176.0
2.91,176.0
1.73,191.0
2.36,191.0
1.12,191.0
2.33,191.0
1.72,191.0
1.85,191.0
1.22,191.0
1.22,167.0
1.34,167.0
1.46,167.0
2.72,167.0
1.65,167.0
2.95,167.0
1.41,167.0
1.46,133.0
1.01,133.0
2.98,133.0
1.61,133.0
1.24,133.0
2.83,133.0
1.86,133.0
2.89,162.0
1.27,162.0
2.56,162.0
2.88,162.0
1.84,162.0
1.44,162.0
2.45,162.0
1.29,116.0
1.44,116.0
1.04,116.0
1.86,116.0
1.19,116.0
2.91,116.0
2.71,116.0
2.55,151.0
1.98,151.0
1.14,151.0
2.25,151.0
1.2,151.0
1.72,151.0
2.37,151.0
1.1,101.0
2.73,101.0
2.34,101.0
1.91,101.0
1.66,101.0
1.09,101.0
2.98,101.0
2.81,156.0
1.33,156.0
1.61,156.0
2.82,156.0
2.65,156.0
2.44,156.0
2.67,156.0
1.34,153.0
1.06,153.0
2.33,153.0
1.0,153.0
2.76,153.0
1.47,153.0
2.41,153.0
1.64,158.0
1.44,158.0
1.16,158.0
2.75,158.0
1.88,158.0
1.78,158.0
1.52,158.0
2.76,101.0
2.78,101.0
1.11,101.0
2.66,101.0
2.6,101.0
2.13,101.0
2.69,101.0
1.2,139.0
2.18,139.0
1.06,139.0
2.76,139.0
2.13,139.0
1.96,139.0
1.23,139.0
1.8,198.0
1.81,198.0
2.27,198.0
2.9,198.0
2.19,198.0
2.17,198.0
2.1,198.0
1.37,150.0
2.06,150.0
2.7,150.0
1.17,150.0
1.83,150.0
2.72,150.0
1.86,150.0
2.36,180.0
2.12,180.0
2.74,180.0
1.73,180.0
2.97,180.0
2.09,180.0
2.09,180.0
2.79,161.0
1.75,161.0
2.01,161.0
2.07,161.0
1.5,161.0
1.43,161.0
1.17,161.0
1.08,184.0
1.58,184.0
1.96,184.0
2.44,184.0
1.37,184.0
1.22,184.0
2.83,184.0
1.01,110.0
1.36,110.0
1.07,110.0
2.76,110.0
2.9,110.0
2.86,110.0
1.93,110.0
2.56,101.0
2.8,101.0
2.23,101.0
2.6,101.0
1.74,101.0
1.94,101.0
1.49,101.0
2.37,159.0
1.42,159.0
2.77,159.0
1.25,159.0
2.26,159.0
2.03,159.0
2.38,159.0
1.94,175.0
2.15,175.0
2.78,175.0
2.06,175.0
1.19,175.0
1.08,175.0
1.18,175.0
2.73,120.0
2.1,120.0
2.34,120.0
1.83,120.0
1.41,120.0
2.77,120.0
1.94,120.0
2.26,138.0
2.92,138.0
2.7,138.0
1.61,138.0
2.0,138.0
1.58,138.0
2.33,138.0
2.2,151.0
1.31,151.0
1.67,151.0
1.23,151.0
1.94,151.0
1.69,151.0
1.67,151.0
2.26,149.0
1.9,149.0
2.33,149.0
1.57,149.0
1.14,149.0
2.7,149.0
2.99,149.0
1.3,120.0
1.03,120.0
1.1,120.0
1.83,120.0
2.89,120.0
1.18,120.0
1.9,120.0
1.95,165.0
2.66,165.0
2.59,165.0
2.68,165.0
2.05,165.0
2.96,165.0
1.18,165.0
2.44,173.0
2.34,173.0
2.41,173.0
2.95,173.0
2.69,173.0
1.96,173.0
1.47,173.0
1.23,142.0
2.28,142.0
1.93,142.0
2.91,142.0
1.28,142.0
1.63,142.0
2.68,142.0
1.65,139.0
2.89,139.0
2.73,139.0
2.44,139.0
1.63,139.0
2.91,139.0
2.99,139.0
2.69,106.0
1.19,106.0
2.97,106.0
2.28,106.0
1.84,106.0
1.55,106.0
2.46,106.0
2.37,191.0
1.19,191.0
1.14,191.0
2.07,191.0
2.04,191.0
1.13,191.0
2.42,191.0
2.9,187.0
1.57,187.0
2.99,187.0
2.77,187.0
2.78,187.0
1.92,187.0
2.4,187.0
2.32,130.0
2.38,130.0
2.22,130.0
2.51,130.0
2.86,130.0
1.04,130.0
2.78,130.0
2.83,169.0
2.7,169.0
2.12,169.0
1.65,169.0
2.26,169.0
2.37,169.0
2.29,169.0
2.0,172.0
1.74,172.0
1.28,172.0
1.2,172.0
2.4,172.0
1.82,172.0
1.46,172.0
1.14,108.0
2.93,108.0
1.6,108.0
2.9,108.0
2.31,108.0
1.43,108.0
2.56,108.0
1.33,149.0
1.06,149.0
2.59,149.0
1.97,149.0
2.52,149.0
1.91,149.0
1.98,149.0
1.65,100.0
1.67,100.0
2.31,100.0
2.49,100.0
1.48,100.0
2.82,100.0
1.95,100.0
2.32,106.0
1.55,106.0
2.76,106.0
1.04,106.0
2.93,106.0
2.61,106.0
2.77,106.0
2.76,147.0
2.24,147.0
1.47,147.0
2.89,147.0
1.36,147.0
2.83,147.0
2.57,147.0
2.1,153.0
2.86,153.0
2.76,153.0
2.44,153.0
1.09,153.0
2.74,153.0
2.07,153.0
1.0,114.0
2.92,114.0
1.08,114.0
1.74,114.0
2.28,114.0
2.38,114.0
2.91,114.0
1.29,146.0
1.39,146.0
2.95,146.0
1.31,146.0
2.59,146.0
2.45,146.0
1.86,146.0
1.13,144.0
2.93,144.0
2.91,144.0
2.7,144.0
1.79,144.0
1.93,144.0
2.98,144.0
1.0,114.0
2.84,114.0
2.08,114.0
2.99,114.0
2.71,114.0
2.84,114.0
2.67,114.0
2.65,185.0
1.87,185.0
2.26,185.0
1.0,185.0
2.38,185.0
1.5,185.0
1.76,185.0
2.22,117.0
2.33,117.0
2.61,117.0
1.61,117.0
2.3,117.0
2.03,117.0
2.54,117.0
2.22,133.0
2.48,133.0
2.85,133.0
1.64,133.0
2.22,133.0
2.48,133.0
1.47,133.0
2.15,163.0
1.52,163.0
2.65,163.0
2.38,163.0
1.46,163.0
1.73,163.0
2.33,163.0
2.28,174.0
1.48,174.0
1.98,174.0
2.23,174.0
2.58,174.0
1.09,174.0
2.36,174.0
1.7,122.0
1.86,122.0
1.36,122.0
2.75,122.0
1.0,122.0
1.16,122.0
1.22,122.0
2.09,170.0
1.56,170.0
2.28,170.0
1.31,170.0
1.33,170.0
2.16,170.0
1.65,170.0
2.08,172.0
1.53,172.0
2.78,172.0
2.83,172.0
2.43,172.0
1.9,172.0
1.64,172.0
1.78,136.0
1.39,136.0
1.04,136.0
2.0,136.0
2.74,136.0
2.35,136.0
2.0,136.0
1.06,108.0
1.36,108.0
2.55,108.0
2.21,108.0
1.63,108.0
1.92,108.0
1.83,108.0
2.0,118.0
2.74,118.0
1.94,118.0
2.55,118.0
1.32,118.0
2.31,118.0
1.44,118.0
1.46,174.0
1.98,174.0
1.44,174.0
2.09,174.0
2.25,174.0
1.86,174.0
1.2,174.0
1.02,150.0
2.37,150.0
2.61,150.0
1.85,150.0
2.65,150.0
1.04,150.0
2.4,150.0
1.89,134.0
2.6,134.0
1.07,134.0
1.62,134.0
1.98,134.0
2.09,134.0
2.71,134.0
1.29,192.0
2.62,192.0
2.01,192.0
1.93,192.0
1.79,192.0
1.93,192.0
2.89,192.0
1.23,164.0
1.88,164.0
1.13,164.0
1.46,164.0
1.81,164.0
1.21,164.0
1.83,164.0
2.99,194.0
1.79,194.0
1.04,194.0
1.14,194.0
1.12,194.0
1.22,194.0
2.77,194.0
1.54,134.0
2.62,134.0
2.84,134.0
2.49,134.0
2.58,134.0
2.16,134.0
2.56,134.0
1.45,192.0
1.37,192.0
2.78,192.0
1.84,192.0
2.25,192.0
1.18,192.0
2.93,192.0
2.32,112.0
1.14,112.0
2.06,112.0
2.31,112.0
1.92,112.0
1.2,112.0
1.79,112.0
2.73,112.0
1.29,112.0
1.87,112.0
2.6,112.0
1.54,112.0
1.95,112.0
1.85,112.0
1.8,147.0
2.15,147.0
1.52,147.0
2.36,147.0
1.5,147.0
2.03,147.0
1.52,147.0
2.64,138.0
2.84,138.0
2.79,138.0
1.69,138.0
1.23,138.0
2.53,138.0
2.28,138.0
1.32,120.0
1.98,120.0
2.84,120.0
1.12,120.0
2.11,120.0
1.41,120.0
2.74,120.0
2.44,191.0
1.14,191.0
2.45,191.0
2.05,191.0
2.88,191.0
2.69,191.0
1.22,191.0
2.51,198.0
2.4,198.0
1.63,198.0
2.7,198.0
1.83,198.0
2.18,198.0
2.01,198.0
1.67,122.0
1.5,122.0
2.54,122.0
2.25,122.0
2.11,122.0
2.82,122.0
2.52,122.0
1.17,109.0
2.62,109.0
1.43,109.0
2.01,109.0
1.75,109.0
2.32,109.0
1.11,109.0
1.57,154.0
2.23,154.0
1.33,154.0
1.2,154.0
1.76,154.0
2.59,154.0
2.57,154.0
2.4,182.0
1.65,182.0
1.34,182.0
1.23,182.0
2.65,182.0
1.37,182.0
1.06,182.0
1.52,167.0
2.18,167.0
2.81,167.0
1.73,167.0
2.68,167.0
1.92,167.0
1.35,167.0
2.3,151.0
1.99,151.0
2.06,151.0
2.46,151.0
2.98,151.0
2.48,151.0
1.62,151.0
2.12,137.0
1.88,137.0
2.33,137.0
1.62,137.0
1.65,137.0
1.9,137.0
2.52,137.0
1.44,199.0
2.74,199.0
1.13,199.0
2.92,199.0
2.08,199.0
1.51,199.0
1.4,199.0
2.66,189.0
1.91,189.0
1.99,189.0
2.67,189.0
1.55,189.0
2.96,189.0
1.21,189.0
2.35,156.0
1.18,156.0
2.19,156.0
1.27,156.0
2.23,156.0
2.34,156.0
2.77,156.0
1.94,131.0
2.3,131.0
1.13,131.0
1.69,131.0
2.97,131.0
1.6,131.0
1.08,131.0
1.35,147.0
1.75,147.0
2.25,147.0
2.77,147.0
1.17,147.0
2.44,147.0
2.06,147.0
1.44,146.0
2.01,146.0
2.45,146.0
2.72,146.0
1.02,146.0
1.1,146.0
1.35,146.0
2.3,140.0
2.28,140.0
1.42,140.0
1.66,140.0
1.8,140.0
2.06,140.0
2.74,140.0
1.1,153.0
2.41,153.0
2.2,153.0
2.51,153.0
2.76,153.0
1.48,153.0
2.25,153.0
2.61,117.0
1.36,117.0
1.19,117.0
2.0,117.0
1.42,117.0
2.72,117.0
1.98,117.0
1.91,199.0
2.76,199.0
1.43,199.0
2.38,199.0
1.59,199.0
2.09,199.0
2.18,199.0
1.96,103.0
1.97,103.0
2.22,103.0
2.78,103.0
1.93,103.0
1.96,103.0
2.63,103.0
1.92,150.0
1.7,150.0
2.02,150.0
1.29,150.0
2.12,150.0
2.77,150.0
2.14,150.0
2.02,193.0
2.94,193.0
1.8,193.0
1.95,193.0
1.73,193.0
1.81,193.0
2.25,193.0
2.09,161.0
1.27,161.0
2.8,161.0
2.18,161.0
2.23,161.0
2.78,161.0
2.98,161.0
2.7,144.0
1.67,144.0
2.37,144.0
1.96,144.0
2.0,144.0
2.72,144.0
2.6,144.0
2.79,141.0
2.77,141.0
1.21,141.0
1.93,141.0
1.45,141.0
2.23,141.0
1.78,141.0
1.37,193.0
2.09,193.0
2.08,193.0
1.98,193.0
1.83,193.0
2.01,193.0
1.22,193.0
1.73,113.0
2.61,113.0
2.11,113.0
1.84,113.0
2.72,113.0
1.39,113.0
1.25,113.0
2.26,175.0
2.5,175.0
2.93,175.0
2.31,175.0
1.19,175.0
2.37,175.0
2.4,175.0
2.61,126.0
1.43,126.0
1.97,126.0
1.91,126.0
2.52,126.0
2.6,126.0
1.65,126.0
2.46,163.0
1.31,163.0
2.21,163.0
1.62,163.0
2.77,163.0
1.51,163.0
2.82,163.0
2.87,127.0
1.1,127.0
1.1,127.0
2.67,127.0
1.05,127.0
2.26,127.0
2.16,127.0
2.65,160.0
2.39,160.0
1.11,160.0
2.39,160.0
1.33,160.0
2.83,160.0
1.89,160.0
1.76,198.0
2.71,198.0
1.02,198.0
1.88,198.0
2.95,198.0
2.9,198.0
1.09,198.0
2.09,174.0
2.11,174.0
2.04,174.0
1.98,174.0
2.84,174.0
1.59,174.0
1.58,174.0
2.79,199.0
1.55,199.0
2.8,199.0
2.28,199.0
2.71,199.0
1.75,199.0
2.47,199.0
2.63,195.0
1.79,195.0
2.88,195.0
2.71,195.0
1.37,195.0
2.63,195.0
2.06,195.0
2.7,184.0
1.67,184.0
2.7,184.0
2.58,184.0
1.48,184.0
2.06,184.0
1.77,184.0
2.1,154.0
1.47,154.0
2.49,154.0
2.63,154.0
2.05,154.0
1.92,154.0
1.88,154.0
1.41,123.0
2.1,123.0
1.43,123.0
2.49,123.0
1.71,123.0
1.76,123.0
2.16,123.0
1.19,184.0
1.03,184.0
1.08,184.0
1.97,184.0
1.09,184.0
1.62,184.0
2.87,184.0
2.97,166.0
1.79,166.0
2.9,166.0
1.87,166.0
1.02,166.0
2.51,166.0
1.79,166.0
2.16,152.0
2.22,152.0
2.68,152.0
1.49,152.0
2.83,152.0
1.77,152.0
1.38,152.0
1.44,193.0
1.22,193.0
1.1,193.0
2.94,193.0
2.6,193.0
2.67,193.0
1.19,193.0
1.39,172.0
2.23,172.0
2.54,172.0
1.03,172.0
1.69,172.0
1.81,172.0
1.07,172.0
1.26,102.0
2.39,102.0
1.83,102.0
2.35,102.0
1.39,102.0
2.56,102.0
1.63,102.0
1.31,189.0
2.83,189.0
1.02,189.0
2.0,189.0
2.36,189.0
1.23,189.0
1.5,189.0
1.92,147.0
2.84,147.0
2.95,147.0
1.36,147.0
1.96,147.0
1.27,147.0
2.4,147.0
1.25,142.0
2.64,142.0
1.8,142.0
1.02,142.0
2.04,142.0
1.79,142.0
2.49,142.0
2.74,110.0
2.18,110.0
1.1,110.0
2.91,110.0
2.11,110.0
2.84,110.0
1.97,110.0
2.86,153.0
2.82,153.0
2.92,153.0
1.94,153.0
1.91,153.0
2.28,153.0
2.17,153.0
1.49,136.0
2.54,136.0
2.86,136.0
1.27,136.0
2.86,136.0
1.01,136.0
1.41,136.0
1.99,191.0
1.01,191.0
2.88,191.0
2.25,191.0
2.92,191.0
1.51,191.0
1.03,191.0
1.17,135.0
1.11,135.0
2.72,135.0
1.15,135.0
2.22,135.0
1.6,135.0
1.2,135.0
1.42,156.0
1.28,156.0
2.43,156.0
2.58,156.0
1.11,156.0
2.18,156.0
2.39,156.0
1.51,186.0
2.59,186.0
1.72,186.0
1.45,186.0
1.48,186.0
2.05,186.0
2.65,186.0
1.96,142.0
1.08,142.0
1.89,142.0
1.46,142.0
1.77,142.0
2.63,142.0
2.51,142.0
1.17,195.0
1.87,195.0
2.48,195.0
1.54,195.0
2.52,195.0
2.24,195.0
2.39,195.0
1.5,159.0
2.92,159.0
1.2,159.0
1.28,159.0
2.7,159.0
1.95,159.0
2.77,159.0
1.71,171.0
2.64,171.0
1.71,171.0
2.42,171.0
1.11,171.0
1.6,171.0
1.27,171.0
1.36,146.0
1.62,146.0
1.51,146.0
1.08,146.0
1.01,146.0
2.79,146.0
1.69,146.0
1.15,175.0
1.05,175.0
1.48,175.0
2.54,175.0
1.91,175.0
1.25,175.0
2.28,175.0
1.8,166.0
2.75,166.0
2.73,166.0
1.53,166.0
2.46,166.0
2.49,166.0
1.51,166.0
1.2,184.0
1.5,184.0
2.46,184.0
1.88,184.0
2.5,184.0
2.81,184.0
1.57,184.0
1.41,134.0
1.53,134.0
1.15,134.0
2.68,134.0
2.75,134.0
1.31,134.0
1.58,134.0
1.06,163.0
2.04,163.0
2.34,163.0
2.42,163.0
2.44,163.0
1.96,163.0
1.59,163.0
1.78,169.0
1.59,169.0
1.02,169.0
2.54,169.0
1.87,169.0
1.01,169.0
2.27,169.0
2.28,148.0
2.8,148.0
1.74,148.0
2.01,148.0
2.38,148.0
2.07,148.0
1.76,148.0
2.55,134.0
1.03,134.0
2.5,134.0
1.35,134.0
1.57,134.0
1.16,134.0
2.65,134.0
2.41,116.0
2.2,116.0
1.03,116.0
2.29,116.0
2.97,116.0
1.57,116.0
2.61,116.0
2.51,191.0
2.08,191.0
2.16,191.0
2.65,191.0
2.13,191.0
2.28,191.0
2.27,191.0
1.13,148.0
1.84,148.0
2.75,148.0
2.89,148.0
3.0,148.0
1.75,148.0
2.18,148.0
1.5,171.0
2.78,171.0
1.44,171.0
2.53,171.0
2.59,171.0
1.59,171.0
2.83,171.0
1.73,155.0
1.93,155.0
2.74,155.0
1.63,155.0
2.42,155.0
2.18,155.0
2.26,155.0
2.03,128.0
2.17,128.0
2.34,128.0
2.2,128.0
2.36,128.0
1.98,128.0
2.59,128.0
2.75,156.0
1.29,156.0
1.64,156.0
2.55,156.0
1.77,156.0
2.71,156.0
1.55,156.0
2.76,167.0
1.49,167.0
2.73,167.0
2.64,167.0
2.6,167.0
2.14,167.0
1.45,167.0
2.35,158.0
1.39,158.0
1.49,158.0
1.26,158.0
1.53,158.0
1.45,158.0
2.91,158.0
1.39,175.0
2.47,175.0
1.24,175.0
1.48,175.0
1.54,175.0
1.56,175.0
1.27,175.0
1.27,192.0
2.48,192.0
1.57,192.0
2.46,192.0
2.58,192.0
2.81,192.0
2.06,192.0
2.97,157.0
2.19,157.0
2.73,157.0
2.12,157.0
2.81,157.0
2.55,157.0
1.81,157.0
2.99,144.0
2.52,144.0
1.41,144.0
1.52,144.0
1.55,144.0
2.12,144.0
2.56,144.0
2.61,198.0
1.2,198.0
1.16,198.0
1.81,198.0
2.29,198.0
2.6,198.0
1.99,198.0
1.58,167.0
2.0,167.0
1.27,167.0
2.2,167.0
2.44,167.0
1.36,167.0
2.97,167.0
2.99,118.0
1.45,118.0
1.59,118.0
2.89,118.0
1.57,118.0
2.32,118.0
2.93,118.0
1.1,123.0
2.66,123.0
2.95,123.0
2.75,123.0
1.63,123.0
2.88,123.0
1.42,123.0
1.07,159.0
2.87,159.0
2.58,159.0
2.14,159.0
2.85,159.0
1.69,159.0
2.46,159.0
1.6,164.0
1.31,164.0
2.67,164.0
2.84,164.0
1.45,164.0
1.52,164.0
1.42,164.0
2.53,173.0
2.48,173.0
1.13,173.0
1.11,173.0
2.62,173.0
1.19,173.0
2.1,173.0
2.86,182.0
2.53,182.0
1.63,182.0
2.34,182.0
2.25,182.0
2.54,182.0
1.53,182.0
2.97,143.0
1.65,143.0
2.77,143.0
1.11,143.0
2.94,143.0
1.22,143.0
2.47,143.0
1.82,131.0
2.52,131.0
1.2,131.0
2.61,131.0
2.33,131.0
1.37,131.0
1.62,131.0
1.46,195.0
1.21,195.0
2.15,195.0
1.93,195.0
2.42,195.0
2.75,195.0
1.07,195.0
2.83,131.0
2.51,131.0
2.08,131.0
1.26,131.0
2.69,131.0
1.6,131.0
1.12,131.0
1.61,174.0
2.33,174.0
1.35,174.0
1.97,174.0
2.52,174.0
1.18,174.0
2.59,174.0
1.04,170.0
2.63,170.0
1.68,170.0
1.32,170.0
2.31,170.0
1.06,170.0
2.13,170.0
2.85,188.0
1.77,188.0
2.19,188.0
2.66,188.0
1.85,188.0
2.75,188.0
1.72,188.0
1.11,139.0
2.59,139.0
2.27,139.0
1.3,139.0
2.93,139.0
1.87,139.0
1.03,139.0
2.52,112.0
2.62,112.0
1.41,112.0
1.88,112.0
1.33,112.0
2.65,112.0
2.71,112.0
1.46,150.0
1.47,150.0
2.23,150.0
2.92,150.0
1.96,150.0
2.08,150.0
2.62,150.0
2.27,124.0
1.71,124.0
1.05,124.0
2.49,124.0
1.81,124.0
1.53,124.0
2.52,124.0
1.88,117.0
2.22,117.0
1.87,117.0
1.7,117.0
1.38,117.0
2.93,117.0
1.41,117.0
1.84,117.0
1.68,117.0
1.65,117.0
1.76,117.0
1.43,117.0
2.23,117.0
2.05,117.0
1.38,176.0
1.72,176.0
1.54,176.0
1.21,176.0
1.59,176.0
2.02,176.0
2.46,176.0
2.83,150.0
1.41,150.0
1.44,150.0
2.1,150.0
1.66,150.0
1.03,150.0
2.06,150.0
2.5,146.0
2.48,146.0
2.25,146.0
2.18,146.0
2.25,146.0
1.7,146.0
2.08,146.0
1.04,140.0
1.65,140.0
1.37,140.0
2.31,140.0
2.2,140.0
1.07,140.0
1.69,140.0
1.52,115.0
1.82,115.0
1.06,115.0
1.77,115.0
2.95,115.0
2.37,115.0
2.28,115.0
2.2,100.0
1.5,100.0
1.71,100.0
1.79,100.0
2.78,100.0
1.31,100.0
1.84,100.0
1.95,160.0
2.98,160.0
1.93,160.0
1.94,160.0
2.07,160.0
1.82,160.0
1.99,160.0
2.45,116.0
1.65,116.0
1.94,116.0
1.71,116.0
1.24,116.0
2.92,116.0
2.62,116.0
2.36,189.0
1.47,189.0
2.49,189.0
1.38,189.0
2.77,189.0
1.84,189.0
2.76,189.0
1.24,188.0
1.07,188.0
1.05,188.0
1.13,188.0
1.75,188.0
1.99,188.0
2.92,188.0
1.92,118.0
1.54,118.0
2.38,118.0
2.96,118.0
2.18,118.0
2.39,118.0
2.68,118.0
2.5,185.0
1.01,185.0
1.9,185.0
2.6,185.0
1.53,185.0
2.17,185.0
1.13,185.0
2.41,181.0
2.12,181.0
2.8,181.0
2.5,181.0
1.87,181.0
2.06,181.0
2.66,181.0
2.47,177.0
2.59,177.0
2.63,177.0
1.94,177.0
2.23,177.0
1.32,177.0
1.32,177.0
1.39,192.0
2.77,192.0
1.55,192.0
2.69,192.0
2.25,192.0
1.05,192.0
2.39,192.0
1.16,183.0
2.03,183.0
1.55,183.0
2.93,183.0
1.09,183.0
1.39,183.0
2.89,183.0
1.05,152.0
1.61,152.0
2.03,152.0
2.18,152.0
1.95,152.0
1.98,152.0
2.54,152.0
1.71,101.0
2.04,101.0
2.96,101.0
1.49,101.0
2.26,101.0
2.54,101.0
2.03,101.0
2.5,132.0
2.01,132.0
1.87,132.0
2.78,132.0
1.51,132.0
2.13,132.0
1.83,132.0
2.5,144.0
2.64,144.0
2.85,144.0
1.37,144.0
1.86,144.0
1.54,144.0
2.63,144.0
1.59,174.0
2.37,174.0
2.79,174.0
1.7,174.0
2.45,174.0
1.35,174.0
2.1,174.0
1.2,181.0
2.6,181.0
2.64,181.0
1.91,181.0
1.62,181.0
2.87,181.0
2.35,181.0
1.22,160.0
1.39,160.0
2.46,160.0
2.59,160.0
1.4,160.0
1.74,160.0
1.44,160.0
1.45,132.0
2.24,132.0
2.52,132.0
2.84,132.0
2.43,132.0
1.88,132.0
1.84,132.0
1.22,186.0
1.43,186.0
2.11,186.0
1.24,186.0
1.74,186.0
2.38,186.0
2.05,186.0
2.35,114.0
2.36,114.0
2.86,114.0
2.02,114.0
1.88,114.0
2.62,114.0
1.76,114.0
1.2,122.0
1.95,122.0
1.8,122.0
2.72,122.0
1.97,122.0
2.73,122.0
2.24,122.0
1.85,130.0
2.48,130.0
1.76,130.0
1.43,130.0
1.66,130.0
1.87,130.0
1.94,130.0
2.71,124.0
2.82,124.0
1.18,124.0
2.81,124.0
1.63,124.0
1.47,124.0
2.3,124.0
2.5,129.0
2.7,129.0
2.99,129.0
2.06,129.0
1.6,129.0
2.11,129.0
2.63,129.0
1.72,116.0
2.25,116.0
1.94,116.0
1.17,116.0
2.28,116.0
2.58,116.0
1.85,116.0
1.79,142.0
1.09,142.0
2.36,142.0
2.48,142.0
1.85,142.0
2.58,142.0
2.54,142.0
2.01,132.0
2.01,132.0
2.12,132.0
2.9,132.0
2.61,132.0
1.82,132.0
2.28,132.0
1.21,162.0
2.03,162.0
2.35,162.0
2.06,162.0
2.39,162.0
2.74,162.0
2.34,162.0
1.27,104.0
2.53,104.0
1.48,104.0
2.54,104.0
1.98,104.0
1.97,104.0
2.6,104.0
1.17,141.0
2.14,141.0
1.35,141.0
1.29,141.0
1.87,141.0
1.13,141.0
1.58,141.0
1.56,107.0
1.7,107.0
1.39,107.0
2.65,107.0
1.55,107.0
2.97,107.0
2.6,107.0
2.53,153.0
1.13,153.0
2.07,153.0
2.13,153.0
1.42,153.0
2.29,153.0
2.43,153.0
1.06,180.0
1.85,180.0
2.92,180.0
1.07,180.0
1.35,180.0
1.96,180.0
2.14,180.0
1.78,138.0
2.26,138.0
1.13,138.0
2.02,138.0
1.55,138.0
1.33,138.0
1.89,138.0
1.27,184.0
1.56,184.0
1.7,184.0
1.66,184.0
2.1,184.0
2.78,184.0
1.45,184.0
1.3,148.0
1.15,148.0
2.33,148.0
2.18,148.0
2.59,148.0
1.46,148.0
1.03,148.0
2.96,129.0
2.09,129.0
2.32,129.0
2.48,129.0
2.13,129.0
2.37,129.0
1.69,129.0
2.05,186.0
1.98,186.0
1.46,186.0
1.11,186.0
2.44,186.0
1.8,186.0
2.9,186.0
1.94,157.0
1.83,157.0
2.69,157.0
1.9,157.0
2.01,157.0
2.6,157.0
1.11,157.0
2.21,122.0
1.98,122.0
1.43,122.0
2.66,122.0
1.14,122.0
1.08,122.0
2.07,122.0
1.97,130.0
2.8,130.0
1.87,130.0
1.16,130.0
1.83,130.0
1.44,130.0
1.6,130.0
2.84,162.0
2.1,162.0
2.61,162.0
1.85,162.0
2.5,162.0
2.29,162.0
1.11,162.0
2.27,112.0
1.16,112.0
2.0,112.0
1.44,112.0
1.14,112.0
2.75,112.0
2.88,112.0
2.97,112.0
2.17,112.0
1.73,112.0
2.79,112.0
1.58,112.0
1.62,112.0
2.14,112.0
1.74,159.0
1.95,159.0
2.79,159.0
1.93,159.0
1.6,159.0
2.58,159.0
1.74,159.0
1.49,105.0
2.86,105.0
2.12,105.0
1.7,105.0
1.1,105.0
1.35,105.0
2.8,105.0
2.3,162.0
2.57,162.0
2.96,162.0
1.1,162.0
1.07,162.0
1.99,162.0
2.39,162.0
2.75,179.0
1.24,179.0
2.31,179.0
1.15,179.0
2.78,179.0
2.14,179.0
1.08,179.0
2.53,109.0
1.27,109.0
1.1,109.0
1.25,109.0
1.86,109.0
2.68,109.0
1.58,109.0
1.1,127.0
1.49,127.0
2.28,127.0
2.04,127.0
2.76,127.0
2.08,127.0
1.81,127.0
2.89,121.0
2.74,121.0
2.44,121.0
1.68,121.0
1.11,121.0
1.26,121.0
2.37,121.0
2.47,109.0
2.0,109.0
1.01,109.0
1.35,109.0
1.09,109.0
2.72,109.0
2.12,109.0
1.39,195.0
1.21,195.0
2.25,195.0
1.43,195.0
2.09,195.0
2.58,195.0
2.5,195.0
1.49,135.0
1.57,135.0
1.34,135.0
2.17,135.0
1.13,135.0
1.55,135.0
2.82,135.0
1.77,196.0
2.12,196.0
1.17,196.0
2.07,196.0
2.15,196.0
1.74,196.0
1.34,196.0
2.19,128.0
2.85,128.0
2.9,128.0
2.76,128.0
2.56,128.0
2.86,128.0
2.94,128.0
1.03,139.0
2.58,139.0
1.07,139.0
2.66,139.0
2.46,139.0
1.79,139.0
2.4,139.0
1.81,192.0
1.82,192.0
1.3,192.0
1.61,192.0
2.28,192.0
2.88,192.0
1.31,192.0
1.48,138.0
1.54,138.0
1.42,138.0
1.31,138.0
2.0,138.0
1.15,138.0
1.71,138.0
1.88,130.0
1.37,130.0
1.03,130.0
2.82,130.0
2.22,130.0
2.52,130.0
2.89,130.0
2.08,111.0
1.34,111.0
1.37,111.0
2.74,111.0
1.01,111.0
1.84,111.0
2.37,111.0
2.99,158.0
1.91,158.0
1.37,158.0
1.3,158.0
1.84,158.0
2.73,158.0
1.04,158.0
2.37,156.0
2.03,156.0
2.75,156.0
2.9,156.0
2.84,156.0
2.04,156.0
2.16,156.0
2.6,158.0
2.33,158.0
1.91,158.0
2.8,158.0
2.11,158.0
1.6,158.0
1.92,158.0
1.45,181.0
1.16,181.0
2.67,181.0
2.89,181.0
2.64,181.0
2.39,181.0
2.9,181.0
2.62,188.0
2.91,188.0
2.9,188.0
1.08,188.0
1.65,188.0
2.73,188.0
2.46,188.0
1.29,173.0
2.04,173.0
1.27,173.0
2.7,173.0
1.75,173.0
2.42,173.0
2.0,173.0
1.26,197.0
2.57,197.0
1.84,197.0
1.84,197.0
2.83,197.0
2.16,197.0
1.1,197.0
1.8,194.0
1.63,194.0
1.91,194.0
2.5,194.0
2.4,194.0
2.98,194.0
1.96,194.0
1.84,170.0
2.63,170.0
1.96,170.0
2.76,170.0
2.1,170.0
1.25,170.0
1.36,170.0
1.25,106.0
1.99,106.0
1.71,106.0
1.03,106.0
1.29,106.0
2.88,106.0
2.49,106.0
1.9,133.0
2.3,133.0
1.01,133.0
2.58,133.0
2.05,133.0
1.94,133.0
1.75,133.0
1.15,122.0
2.74,122.0
2.94,122.0
1.96,122.0
2.97,122.0
1.34,122.0
1.07,122.0
1.95,145.0
1.57,145.0
1.66,145.0
1.75,145.0
1.87,145.0
1.66,145.0
2.74,145.0
2.5,195.0
1.93,195.0
2.14,195.0
2.66,195.0
2.68,195.0
1.71,195.0
2.21,195.0
1.67,190.0
2.5,190.0
1.02,190.0
1.35,190.0
1.35,190.0
2.48,190.0
1.88,190.0
2.13,120.0
1.52,120.0
1.44,120.0
1.53,120.0
1.23,120.0
1.38,120.0
2.48,120.0
1.53,148.0
1.71,148.0
1.2,148.0
2.57,148.0
1.08,148.0
2.16,148.0
1.86,148.0
2.5,127.0
1.77,127.0
1.54,127.0
2.32,127.0
1.38,127.0
1.36,127.0
2.52,127.0
2.09,168.0
1.0,168.0
2.91,168.0
2.87,168.0
2.09,168.0
2.13,168.0
1.5,168.0
2.98,113.0
2.02,113.0
2.76,113.0
1.42,113.0
2.81,113.0
2.46,113.0
2.44,113.0
2.54,112.0
1.74,112.0
1.24,112.0
1.82,112.0
1.72,112.0
2.54,112.0
1.09,112.0
1.49,136.0
2.94,136.0
1.99,136.0
1.79,136.0
2.2,136.0
1.74,136.0
2.4,136.0
1.57,134.0
1.4,134.0
1.62,134.0
2.91,134.0
2.85,134.0
1.63,134.0
2.44,134.0
2.8,179.0
2.42,179.0
2.0,179.0
2.46,179.0
2.26,179.0
2.17,179.0
2.51,179.0
1.35,129.0
2.02,129.0
2.14,129.0
2.02,129.0
1.61,129.0
1.7,129.0
1.42,129.0
2.91,147.0
1.88,147.0
1.43,147.0
2.7,147.0
2.54,147.0
1.96,147.0
2.4,147.0
1.14,177.0
2.81,177.0
2.33,177.0
1.4,177.0
2.01,177.0
1.49,177.0
1.32,177.0
2.52,113.0
1.4,113.0
2.87,113.0
2.65,113.0
2.62,113.0
2.16,113.0
1.16,113.0
1.2,190.0
2.11,190.0
2.44,190.0
2.72,190.0
1.07,190.0
1.46,190.0
2.58,190.0
1.17,165.0
1.12,165.0
2.2,165.0
2.78,165.0
1.33,165.0
1.61,165.0
1.19,165.0
1.65,163.0
1.79,163.0
1.99,163.0
1.39,163.0
1.89,163.0
1.47,163.0
2.53,163.0
2.79,156.0
1.54,156.0
2.0,156.0
2.95,156.0
2.2,156.0
1.47,156.0
2.57,156.0
2.49,198.0
2.99,198.0
1.19,198.0
1.62,198.0
1.89,198.0
2.78,198.0
2.96,198.0
1.39,151.0
1.63,151.0
1.94,151.0
2.92,151.0
2.65,151.0
1.14,151.0
2.11,151.0
2.87,112.0
1.27,112.0
1.73,112.0
2.84,112.0
1.53,112.0
2.7,112.0
1.39,112.0
1.98,126.0
2.44,126.0
1.25,126.0
1.55,126.0
2.9,126.0
1.43,126.0
2.32,126.0
1.87,171.0
1.15,171.0
2.31,171.0
2.23,171.0
1.43,171.0
1.5,171.0
2.96,171.0
1.59,154.0
1.35,154.0
2.69,154.0
1.01,154.0
1.25,154.0
1.91,154.0
2.93,154.0
2.07,140.0
2.58,140.0
2.25,140.0
2.95,140.0
2.89,140.0
1.65,140.0
1.1,140.0
2.47,188.0
2.63,188.0
1.35,188.0
1.96,188.0
2.81,188.0
2.25,188.0
2.86,188.0
1.15,176.0
1.69,176.0
1.88,176.0
1.83,176.0
2.69,176.0
1.71,176.0
2.16,176.0
1.17,143.0
2.08,143.0
1.48,143.0
2.24,143.0
2.89,143.0
1.13,143.0
1.1,143.0
1.03,107.0
3.0,107.0
2.24,107.0
2.81,107.0
1.66,107.0
2.99,107.0
1.55,107.0
1.32,199.0
1.59,199.0
1.83,199.0
1.71,199.0
2.78,199.0
2.79,199.0
1.55,199.0
1.89,128.0
2.7,128.0
2.68,128.0
2.85,128.0
1.62,128.0
1.62,128.0
1.44,128.0
2.04,129.0
2.25,129.0
1.2,129.0
1.86,129.0
1.24,129.0
2.01,129.0
1.82,129.0
1.34,152.0
2.17,152.0
1.49,152.0
1.8,152.0
2.38,152.0
2.32,152.0
1.09,152.0
1.56,169.0
2.62,169.0
1.52,169.0
1.49,169.0
2.09,169.0
2.35,169.0
1.01,169.0
1.56,191.0
2.29,191.0
2.16,191.0
1.77,191.0
2.58,191.0
2.77,191.0
1.87,191.0
1.76,128.0
1.64,128.0
1.75,128.0
1.07,128.0
1.76,128.0
1.24,128.0
2.67,128.0
2.53,140.0
2.58,140.0
2.01,140.0
2.81,140.0
1.36,140.0
2.34,140.0
1.04,140.0
2.11,117.0
1.88,117.0
1.68,117.0
1.38,117.0
2.09,117.0
2.25,117.0
1.4,117.0
2.4,112.0
1.46,112.0
1.14,112.0
2.27,112.0
2.3,112.0
1.45,112.0
1.27,112.0
2.48,136.0
2.5,136.0
1.38,136.0
2.53,136.0
2.95,136.0
1.9,136.0
1.05,136.0
2.59,123.0
1.83,123.0
2.51,123.0
2.04,123.0
2.34,123.0
2.05,123.0
1.65,123.0
1.21,183.0
1.39,183.0
1.71,183.0
1.22,183.0
2.13,183.0
1.13,183.0
2.8,183.0
2.47,195.0
1.23,195.0
2.01,195.0
2.6,195.0
2.83,195.0
1.46,195.0
1.92,195.0
2.12,155.0
2.31,155.0
1.02,155.0
1.37,155.0
1.76,155.0
1.64,155.0
1.53,155.0
2.56,122.0
1.07,122.0
1.08,122.0
2.03,122.0
2.62,122.0
2.54,122.0
2.2,122.0
1.19,196.0
2.05,196.0
2.67,196.0
2.55,196.0
2.51,196.0
2.28,196.0
1.01,196.0
1.75,194.0
1.56,194.0
1.11,194.0
1.68,194.0
1.18,194.0
1.95,194.0
2.16,194.0
1.36,139.0
1.03,139.0
2.33,139.0
1.62,139.0
2.27,139.0
1.96,139.0
1.19,139.0
1.5,181.0
1.68,181.0
2.2,181.0
1.66,181.0
2.7,181.0
1.85,181.0
1.13,181.0
1.96,167.0
2.79,167.0
1.64,167.0
2.87,167.0
2.02,167.0
2.31,167.0
1.73,167.0
2.79,170.0
2.48,170.0
2.83,170.0
2.74,170.0
2.51,170.0
2.33,170.0
2.72,170.0
1.9,110.0
1.97,110.0
1.47,110.0
2.61,110.0
2.17,110.0
2.87,110.0
2.3,110.0
1.91,109.0
2.17,109.0
2.58,109.0
1.6,109.0
2.89,109.0
2.43,109.0
2.3,109.0
1.88,118.0
2.86,118.0
1.71,118.0
1.44,118.0
2.7,118.0
1.22,118.0
2.25,118.0
1.79,153.0
2.67,153.0
1.48,153.0
2.41,153.0
2.17,153.0
1.79,153.0
1.65,153.0
2.07,158.0
2.26,158.0
2.34,158.0
1.0,158.0
2.81,158.0
1.06,158.0
2.02,158.0
2.45,118.0
2.19,118.0
2.62,118.0
1.71,118.0
1.5,118.0
1.1,118.0
1.01,118.0
2.7,156.0
1.37,156.0
2.31,156.0
2.9,156.0
2.37,156.0
1.94,156.0
2.81,156.0
1.77,104.0
1.06,104.0
1.91,104.0
2.33,104.0
1.34,104.0
1.74,104.0
2.09,104.0
1.19,104.0
2.46,104.0
1.7,104.0
2.11,104.0
2.27,104.0
1.96,104.0
2.14,104.0
1.72,131.0
2.94,131.0
2.42,131.0
2.65,131.0
2.9,131.0
1.46,131.0
1.71,131.0
2.02,120.0
1.26,120.0
2.86,120.0
1.63,120.0
2.74,120.0
1.79,120.0
1.33,120.0
2.91,140.0
1.18,140.0
2.16,140.0
1.77,140.0
1.05,140.0
2.49,140.0
1.41,140.0
1.79,142.0
2.96,142.0
2.19,142.0
1.13,142.0
1.04,142.0
1.42,142.0
2.8,142.0
2.2,182.0
1.05,182.0
1.38,182.0
2.72,182.0
1.72,182.0
2.58,182.0
2.09,182.0
1.84,168.0
1.51,168.0
1.91,168.0
1.53,168.0
1.82,168.0
1.28,168.0
1.66,168.0
2.24,103.0
1.28,103.0
1.66,103.0
1.93,103.0
1.85,103.0
1.68,103.0
1.97,103.0
2.26,182.0
2.0,182.0
1.58,182.0
2.71,182.0
2.14,182.0
2.34,182.0
2.57,182.0
2.13,176.0
1.09,176.0
1.61,176.0
1.48,176.0
2.13,176.0
2.37,176.0
2.3,176.0
1.81,135.0
2.29,135.0
1.33,135.0
2.64,135.0
2.74,135.0
1.25,135.0
1.09,135.0
2.72,131.0
2.76,131.0
2.26,131.0
2.89,131.0
1.87,131.0
1.82,131.0
1.46,131.0
1.78,170.0
2.68,170.0
2.82,170.0
2.52,170.0
2.19,170.0
1.46,170.0
2.86,170.0
1.14,173.0
2.65,173.0
1.85,173.0
2.78,173.0
1.77,173.0
2.18,173.0
1.58,173.0
2.48,151.0
2.98,151.0
2.36,151.0
2.03,151.0
2.64,151.0
2.27,151.0
2.43,151.0
1.39,184.0
2.62,184.0
1.09,184.0
2.33,184.0
2.68,184.0
2.11,184.0
2.71,184.0
2.91,152.0
1.46,152.0
1.27,152.0
2.82,152.0
1.11,152.0
2.02,152.0
1.94,152.0
2.78,150.0
1.75,150.0
1.43,150.0
1.88,150.0
2.14,150.0
2.63,150.0
2.37,150.0
1.23,196.0
1.2,196.0
1.92,196.0
1.0,196.0
2.9,196.0
1.99,196.0
1.12,196.0
1.64,120.0
1.72,120.0
2.98,120.0
2.15,120.0
2.17,120.0
1.02,120.0
2.67,120.0
1.6,143.0
2.84,143.0
1.29,143.0
1.59,143.0
1.16,143.0
2.44,143.0
1.37,143.0
2.71,139.0
1.57,139.0
2.71,139.0
2.15,139.0
1.92,139.0
1.62,139.0
2.98,139.0
1.33,167.0
1.97,167.0
1.55,167.0
2.02,167.0
2.2,167.0
1.81,167.0
2.23,167.0
2.13,123.0
2.42,123.0
2.8,123.0
2.64,123.0
2.89,123.0
1.4,123.0
2.36,123.0
2.03,126.0
1.32,126.0
1.94,126.0
2.42,126.0
1.11,126.0
1.19,126.0
2.77,126.0
1.09,128.0
2.2,128.0
2.43,128.0
2.04,128.0
1.29,128.0
1.3,128.0
1.64,128.0
1.46,170.0
1.93,170.0
2.11,170.0
2.89,170.0
2.42,170.0
1.32,170.0
2.24,170.0
2.46,129.0
2.01,129.0
1.11,129.0
2.68,129.0
2.57,129.0
1.18,129.0
1.62,129.0
1.06,104.0
1.62,104.0
1.92,104.0
2.33,104.0
1.32,104.0
2.7,104.0
2.25,104.0
1.45,101.0
1.7,101.0
2.56,101.0
2.0,101.0
1.24,101.0
1.61,101.0
2.53,101.0
2.2,152.0
2.44,152.0
2.69,152.0
1.2,152.0
2.1,152.0
2.18,152.0
2.76,152.0
3.0,158.0
1.24,158.0
1.94,158.0
1.07,158.0
1.78,158.0
1.02,158.0
1.7,158.0
1.03,120.0
2.48,120.0
1.06,120.0
2.57,120.0
1.94,120.0
1.45,120.0
1.69,120.0
2.63,159.0
2.1,159.0
1.89,159.0
1.88,159.0
2.49,159.0
2.37,159.0
2.73,159.0
2.59,141.0
2.34,141.0
1.3,141.0
2.51,141.0
1.59,141.0
2.09,141.0
1.68,141.0
2.77,117.0
1.52,117.0
1.43,117.0
1.21,117.0
1.46,117.0
1.14,117.0
2.37,117.0
2.76,185.0
1.95,185.0
2.14,185.0
1.08,185.0
2.17,185.0
2.8,185.0
1.31,185.0
1.17,178.0
1.55,178.0
1.59,178.0
2.98,178.0
2.72,178.0
1.75,178.0
2.73,178.0
2.91,199.0
1.54,199.0
2.99,199.0
2.31,199.0
2.2,199.0
1.09,199.0
1.89,199.0
1.6,156.0
1.48,156.0
1.67,156.0
2.03,156.0
1.07,156.0
1.16,156.0
1.45,156.0
1.82,129.0
1.08,129.0
1.67,129.0
2.09,129.0
1.68,129.0
1.36,129.0
2.45,129.0
2.43,166.0
2.02,166.0
1.2,166.0
2.01,166.0
2.93,166.0
1.03,166.0
1.35,166.0
2.54,118.0
1.47,118.0
2.65,118.0
2.16,118.0
1.02,118.0
2.02,118.0
1.1,118.0
2.87,120.0
1.06,120.0
2.42,120.0
2.07,120.0
2.4,120.0
1.92,120.0
1.56,120.0
2.09,171.0
1.78,171.0
2.35,171.0
2.78,171.0
2.09,171.0
2.14,171.0
1.06,171.0
1.45,170.0
1.08,170.0
2.47,170.0
2.58,170.0
2.51,170.0
1.07,170.0
1.57,170.0
2.43,127.0
1.36,127.0
2.6,127.0
2.36,127.0
2.33,127.0
2.28,127.0
2.99,127.0
1.05,108.0
1.44,108.0
1.77,108.0
1.29,108.0
2.31,108.0
1.79,108.0
2.93,108.0
1.63,192.0
1.85,192.0
2.53,192.0
2.91,192.0
1.22,192.0
1.52,192.0
2.86,192.0
1.54,188.0
2.07,188.0
1.35,188.0
1.94,188.0
2.16,188.0
2.7,188.0
1.22,188.0
2.49,112.0
1.35,112.0
2.02,112.0
1.8,112.0
1.02,112.0
2.11,112.0
1.43,112.0
1.48,163.0
1.69,163.0
1.32,163.0
2.59,163.0
2.33,163.0
1.12,163.0
2.18,163.0
1.6,153.0
2.35,153.0
1.32,153.0
1.47,153.0
1.99,153.0
1.39,153.0
2.26,153.0
2.48,114.0
1.33,114.0
1.84,114.0
2.23,114.0
2.32,114.0
1.73,114.0
2.54,114.0
2.74,192.0
1.6,192.0
1.66,192.0
1.59,192.0
2.8,192.0
2.43,192.0
1.71,192.0
2.16,128.0
2.87,128.0
2.3,128.0
1.29,128.0
2.73,128.0
2.27,128.0
1.83,128.0
1.93,128.0
2.4,128.0
2.14,128.0
1.71,128.0
2.99,128.0
2.64,128.0
2.08,128.0
1.82,139.0
2.86,139.0
1.96,139.0
1.23,139.0
1.97,139.0
1.79,139.0
1.63,139.0
1.65,153.0
1.93,153.0
1.36,153.0
1.4,153.0
1.33,153.0
2.91,153.0
2.07,153.0
1.18,166.0
1.69,166.0
1.96,166.0
1.57,166.0
2.97,166.0
2.22,166.0
2.41,166.0
2.92,155.0
1.41,155.0
2.37,155.0
2.22,155.0
2.83,155.0
2.74,155.0
2.48,155.0
1.02,106.0
1.64,106.0
1.57,106.0
2.13,106.0
1.02,106.0
1.17,106.0
2.88,106.0
2.78,120.0
1.08,120.0
1.92,120.0
2.1,120.0
1.55,120.0
2.9,120.0
1.96,120.0
2.85,152.0
2.89,152.0
1.59,152.0
1.65,152.0
2.33,152.0
2.47,152.0
2.52,152.0
2.03,172.0
1.12,172.0
2.79,172.0
1.94,172.0
1.06,172.0
1.76,172.0
1.38,172.0
2.85,155.0
2.55,155.0
2.7,155.0
1.86,155.0
1.39,155.0
2.85,155.0
1.57,155.0
2.68,111.0
1.01,111.0
2.48,111.0
1.98,111.0
1.12,111.0
2.97,111.0
1.11,111.0
1.57,172.0
1.25,172.0
2.52,172.0
1.67,172.0
1.03,172.0
2.55,172.0
1.75,172.0
2.66,156.0
1.09,156.0
2.22,156.0
2.14,156.0
2.84,156.0
1.04,156.0
1.35,156.0
1.07,168.0
1.3,168.0
1.85,168.0
2.65,168.0
2.07,168.0
2.54,168.0
2.11,168.0
2.73,177.0
1.68,177.0
1.13,177.0
2.99,177.0
2.16,177.0
2.07,177.0
2.08,177.0
1.45,136.0
2.97,136.0
2.81,136.0
1.02,136.0
2.42,136.0
2.38,136.0
2.38,136.0
1.03,123.0
2.95,123.0
1.78,123.0
2.31,123.0
2.93,123.0
1.63,123.0
2.54,123.0
1.61,150.0
1.16,150.0
2.63,150.0
1.91,150.0
1.83,150.0
1.38,150.0
1.15,150.0
2.78,137.0
1.19,137.0
1.07,137.0
1.65,137.0
1.34,137.0
1.92,137.0
2.26,137.0
2.78,165.0
2.26,165.0
1.1,165.0
2.35,165.0
2.78,165.0
1.13,165.0
2.47,165.0
1.0,130.0
1.7,130.0
2.87,130.0
1.49,130.0
2.7,130.0
2.34,130.0
1.07,130.0
1.7,159.0
1.23,159.0
1.17,159.0
2.91,159.0
1.71,159.0
2.6,159.0
2.43,159.0
2.67,113.0
1.52,113.0
1.51,113.0
1.28,113.0
2.16,113.0
2.43,113.0
1.51,113.0
1.0,189.0
1.25,189.0
2.17,189.0
2.01,189.0
2.9,189.0
1.72,189.0
1.1,189.0
2.19,168.0
2.27,168.0
1.63,168.0
2.34,168.0
1.88,168.0
1.0,168.0
2.55,168.0
1.66,137.0
2.9,137.0
1.94,137.0
1.33,137.0
1.45,137.0
2.95,137.0
2.07,137.0
2.89,197.0
2.91,197.0
1.68,197.0
1.41,197.0
1.31,197.0
2.48,197.0
1.86,197.0
1.84,108.0
1.96,108.0
2.13,108.0
1.35,108.0
2.28,108.0
1.8,108.0
2.35,108.0
1.21,184.0
1.84,184.0
1.86,184.0
2.94,184.0
2.93,184.0
2.07,184.0
2.97,184.0
1.0,182.0
2.95,182.0
1.0,182.0
1.97,182.0
2.85,182.0
2.33,182.0
1.47,182.0
2.61,150.0
1.13,150.0
1.51,150.0
1.57,150.0
2.16,150.0
2.15,150.0
1.7,150.0
2.37,198.0
1.95,198.0
2.95,198.0
1.03,198.0
2.94,198.0
2.9,198.0
1.28,198.0
1.6,178.0
1.03,178.0
1.75,178.0
2.45,178.0
1.0,178.0
1.66,178.0
2.35,178.0
1.38,160.0
1.05,160.0
2.61,160.0
2.48,160.0
2.17,160.0
1.79,160.0
1.75,160.0
2.71,133.0
1.12,133.0
2.8,133.0
2.91,133.0
1.42,133.0
2.91,133.0
1.92,133.0
2.32,136.0
1.13,136.0
2.73,136.0
1.84,136.0
1.16,136.0
2.48,136.0
1.38,136.0
1.73,106.0
2.81,106.0
1.63,106.0
2.72,106.0
1.73,106.0
2.18,106.0
1.83,106.0
1.95,199.0
1.21,199.0
2.84,199.0
1.51,199.0
2.88,199.0
2.63,199.0
1.49,199.0
1.55,136.0
1.77,136.0
1.16,136.0
1.08,136.0
2.44,136.0
2.26,136.0
2.25,136.0
2.18,105.0
1.2,105.0
2.3,105.0
1.6,105.0
1.85,105.0
2.09,105.0
2.34,105.0
2.1,111.0
1.49,111.0
1.33,111.0
1.89,111.0
1.42,111.0
1.78,111.0
2.79,111.0
1.77,148.0
1.05,148.0
1.2,148.0
2.2,148.0
1.47,148.0
1.1,148.0
2.33,148.0
2.02,108.0
1.09,108.0
2.2,108.0
1.53,108.0
1.97,108.0
2.27,108.0
1.67,108.0
1.76,132.0
1.63,132.0
1.76,132.0
1.15,132.0
2.28,132.0
2.97,132.0
2.23,132.0
2.68,157.0
2.77,157.0
2.64,157.0
1.59,157.0
1.64,157.0
2.49,157.0
1.7,157.0
2.46,143.0
2.86,143.0
1.56,143.0
1.72,143.0
1.3,143.0
1.24,143.0
1.89,143.0
1.91,113.0
2.07,113.0
2.17,113.0
2.97,113.0
1.04,113.0
1.74,113.0
1.23,113.0
2.92,176.0
1.72,176.0
2.95,176.0
2.0,176.0
1.74,176.0
2.42,176.0
1.39,176.0
2.62,168.0
2.44,168.0
2.44,168.0
1.58,168.0
2.21,168.0
2.97,168.0
2.82,168.0
1.06,157.0
2.37,157.0
2.95,157.0
2.85,157.0
1.78,157.0
2.19,157.0
1.27,157.0
2.46,109.0
2.16,109.0
2.58,109.0
2.96,109.0
1.98,109.0
2.2,109.0
1.03,109.0
1.66,157.0
1.93,157.0
2.39,157.0
1.41,157.0
1.21,157.0
1.17,157.0
2.87,157.0
2.14,106.0
2.2,106.0
1.15,106.0
2.61,106.0
2.66,106.0
2.14,106.0
1.27,106.0
2.22,136.0
2.65,136.0
2.18,136.0
1.5,136.0
2.22,136.0
2.84,136.0
2.86,136.0
2.71,174.0
1.77,174.0
1.43,174.0
2.82,174.0
2.11,174.0
2.56,174.0
1.71,174.0
1.16,143.0
2.98,143.0
2.58,143.0
2.25,143.0
1.82,143.0
2.81,143.0
2.33,143.0
1.79,130.0
1.65,130.0
1.12,130.0
1.44,130.0
1.34,130.0
2.18,130.0
1.12,130.0
1.08,185.0
2.23,185.0
2.01,185.0
2.06,185.0
1.43,185.0
1.65,185.0
1.68,185.0
2.51,101.0
1.42,101.0
1.2,101.0
2.15,101.0
2.24,101.0
2.08,101.0
1.84,101.0
1.44,135.0
1.19,135.0
2.82,135.0
1.15,135.0
1.94,135.0
1.39,135.0
2.91,135.0
2.61,104.0
1.99,104.0
1.39,104.0
1.0,104.0
2.25,104.0
2.27,104.0
2.92,104.0
1.53,139.0
1.44,139.0
1.74,139.0
1.94,139.0
1.71,139.0
2.77,139.0
1.86,139.0
1.0,147.0
1.91,147.0
1.03,147.0
2.51,147.0
1.62,147.0
2.46,147.0
2.31,147.0
1.95,122.0
2.32,122.0
1.42,122.0
1.42,122.0
2.16,122.0
2.28,122.0
2.9,122.0
2.07,177.0
1.37,177.0
2.36,177.0
2.56,177.0
2.5,177.0
1.73,177.0
1.68,177.0
1.95,163.0
2.04,163.0
2.07,163.0
1.55,163.0
2.29,163.0
1.73,163.0
2.69,163.0
2.78,121.0
1.37,121.0
1.89,121.0
1.2,121.0
1.67,121.0
1.24,121.0
1.63,121.0
2.61,141.0
1.66,141.0
2.19,141.0
2.96,141.0
1.06,141.0
1.98,141.0
2.8,141.0
1.51,188.0
2.95,188.0
2.33,188.0
1.84,188.0
1.92,188.0
1.48,188.0
1.18,188.0
1.83,121.0
2.33,121.0
1.37,121.0
2.53,121.0
2.11,121.0
2.96,121.0
1.13,121.0
1.83,110.0
2.52,110.0
1.42,110.0
2.62,110.0
2.16,110.0
2.85,110.0
1.47,110.0
1.23,128.0
1.35,128.0
2.06,128.0
1.27,128.0
1.44,128.0
2.66,128.0
2.1,128.0
1.81,160.0
2.04,160.0
1.17,160.0
2.33,160.0
2.61,160.0
1.61,160.0
2.17,160.0
1.74,159.0
1.27,159.0
2.69,159.0
2.83,159.0
2.33,159.0
1.36,159.0
2.27,159.0
2.86,137.0
2.36,137.0
2.62,137.0
2.75,137.0
1.05,137.0
1.43,137.0
1.98,137.0
1.2,140.0
1.56,140.0
1.43,140.0
2.93,140.0
2.93,140.0
1.2,140.0
2.12,140.0
2.09,176.0
1.82,176.0
3.0,176.0
2.87,176.0
2.77,176.0
2.78,176.0
2.26,176.0
1.04,184.0
2.99,184.0
1.32,184.0
1.89,184.0
1.61,184.0
1.32,184.0
1.33,184.0
2.95,198.0
1.94,198.0
1.25,198.0
1.09,198.0
2.59,198.0
2.28,198.0
2.95,198.0
1.59,139.0
1.08,139.0
1.39,139.0
1.35,139.0
2.7,139.0
2.58,139.0
1.66,139.0
2.85,192.0
2.32,192.0
1.33,192.0
3.0,192.0
2.01,192.0
1.06,192.0
1.1,192.0
1.68,105.0
1.62,105.0
2.64,105.0
1.38,105.0
1.46,105.0
2.39,105.0
2.09,105.0
1.67,147.0
2.21,147.0
2.25,147.0
2.57,147.0
1.54,147.0
2.24,147.0
2.56,147.0
1.17,160.0
2.06,160.0
1.38,160.0
2.18,160.0
2.14,160.0
1.69,160.0
2.23,160.0
1.31,195.0
2.24,195.0
2.5,195.0
2.01,195.0
1.96,195.0
1.49,195.0
1.58,195.0
2.68,142.0
1.91,142.0
2.5,142.0
2.87,142.0
1.65,142.0
1.89,142.0
1.97,142.0
2.6,109.0
1.96,109.0
1.66,109.0
2.04,109.0
2.46,109.0
1.91,109.0
1.83,109.0
1.05,108.0
1.13,108.0
2.07,108.0
1.3,108.0
1.82,108.0
2.94,108.0
1.89,108.0
2.39,168.0
1.61,168.0
2.16,168.0
2.59,168.0
1.74,168.0
2.54,168.0
1.96,168.0
2.36,139.0
1.62,139.0
1.72,139.0
1.31,139.0
2.48,139.0
1.7,139.0
1.53,139.0
1.84,130.0
1.38,130.0
2.45,130.0
1.48,130.0
1.96,130.0
2.89,130.0
1.35,130.0
2.73,179.0
1.98,179.0
1.51,179.0
2.47,179.0
2.91,179.0
1.76,179.0
1.13,179.0
1.42,106.0
1.63,106.0
1.58,106.0
2.6,106.0
1.46,106.0
2.8,106.0
2.9,106.0
1.47,199.0
1.07,199.0
1.64,199.0
2.32,199.0
2.15,199.0
2.76,199.0
2.04,199.0
2.71,185.0
1.68,185.0
1.89,185.0
1.2,185.0
2.78,185.0
2.06,185.0
2.03,185.0
2.47,188.0
2.17,188.0
1.14,188.0
2.83,188.0
1.77,188.0
2.32,188.0
1.11,188.0
2.52,124.0
1.43,124.0
1.49,124.0
2.79,124.0
2.84,124.0
1.9,124.0
1.58,124.0
1.66,193.0
1.75,193.0
2.18,193.0
1.55,193.0
1.48,193.0
1.17,193.0
1.2,193.0
1.44,129.0
2.7,129.0
1.43,129.0
1.4,129.0
2.89,129.0
1.27,129.0
2.72,129.0
2.88,199.0
2.83,199.0
2.72,199.0
1.84,199.0
2.63,199.0
1.94,199.0
2.97,199.0
2.38,161.0
1.75,161.0
1.61,161.0
1.93,161.0
1.22,161.0
1.33,161.0
2.56,161.0
2.97,120.0
2.75,120.0
2.51,120.0
2.51,120.0
1.17,120.0
2.23,120.0
2.11,120.0
1.46,125.0
1.08,125.0
1.6,125.0
1.28,125.0
2.4,125.0
1.3,125.0
2.01,125.0
2.87,132.0
1.54,132.0
2.81,132.0
2.03,132.0
2.45,132.0
2.22,132.0
2.45,132.0
1.86,179.0
1.37,179.0
2.93,179.0
2.52,179.0
1.45,179.0
1.81,179.0
2.96,179.0
2.93,113.0
1.42,113.0
2.69,113.0
1.36,113.0
2.44,113.0
1.06,113.0
1.23,113.0
1.13,155.0
2.34,155.0
1.2,155.0
1.06,155.0
1.62,155.0
1.72,155.0
2.65,155.0
2.3,153.0
2.55,153.0
2.71,153.0
1.09,153.0
2.26,153.0
1.43,153.0
2.59,153.0
1.5,129.0
2.43,129.0
1.39,129.0
1.57,129.0
1.32,129.0
2.07,129.0
2.96,129.0
1.5,129.0
2.74,129.0
2.78,129.0
1.12,129.0
2.66,129.0
1.09,129.0
1.36,129.0
2.55,193.0
1.55,193.0
2.53,193.0
1.04,193.0
2.28,193.0
2.96,193.0
2.29,193.0
1.4,130.0
2.06,130.0
2.49,130.0
2.58,130.0
1.47,130.0
2.72,130.0
1.52,130.0
2.74,199.0
1.99,199.0
1.58,199.0
2.8,199.0
2.97,199.0
1.32,199.0
2.67,199.0
1.29,157.0
1.87,157.0
1.21,157.0
1.93,157.0
2.24,157.0
2.78,157.0
2.78,157.0
1.44,173.0
2.48,173.0
1.27,173.0
2.42,173.0
2.63,173.0
1.01,173.0
1.29,173.0
1.38,183.0
2.99,183.0
2.02,183.0
2.9,183.0
2.01,183.0
1.38,183.0
1.9,183.0
1.41,166.0
1.39,166.0
2.29,166.0
2.95,166.0
2.38,166.0
2.61,166.0
1.44,166.0
2.38,113.0
1.93,113.0
2.75,113.0
1.92,113.0
2.12,113.0
1.9,113.0
1.41,113.0
1.52,143.0
1.12,143.0
1.67,143.0
1.87,143.0
1.18,143.0
2.07,143.0
2.24,143.0
1.03,107.0
1.4,107.0
1.32,107.0
1.81,107.0
1.57,107.0
1.71,107.0
2.04,107.0
1.88,166.0
2.77,166.0
1.07,166.0
2.15,166.0
1.44,166.0
1.25,166.0
2.19,166.0
1.83,182.0
1.41,182.0
2.55,182.0
1.77,182.0
2.18,182.0
2.13,182.0
1.49,182.0
1.08,117.0
1.1,117.0
2.23,117.0
1.37,117.0
1.46,117.0
1.13,117.0
2.28,117.0
1.48,190.0
1.28,190.0
1.68,190.0
2.72,190.0
2.69,190.0
2.79,190.0
1.72,190.0
2.09,145.0
1.24,145.0
2.73,145.0
1.52,145.0
2.81,145.0
2.56,145.0
1.15,145.0
1.91,122.0
2.01,122.0
1.74,122.0
2.27,122.0
1.76,122.0
2.82,122.0
2.87,122.0
2.62,175.0
2.18,175.0
2.75,175.0
1.96,175.0
1.91,175.0
1.87,175.0
2.63,175.0
2.14,117.0
1.2,117.0
1.01,117.0
2.94,117.0
1.74,117.0
2.31,117.0
1.12,117.0
2.1,113.0
2.27,113.0
2.99,113.0
1.12,113.0
2.36,113.0
2.9,113.0
2.89,113.0
2.72,103.0
1.5,103.0
1.62,103.0
1.02,103.0
1.41,103.0
1.88,103.0
2.43,103.0
2.26,150.0
2.78,150.0
1.32,150.0
1.85,150.0
2.3,150.0
2.33,150.0
2.15,150.0
1.2,171.0
2.18,171.0
1.48,171.0
1.23,171.0
2.91,171.0
2.7,171.0
1.06,171.0
2.72,149.0
2.6,149.0
1.94,149.0
2.24,149.0
1.92,149.0
2.85,149.0
1.8,149.0
1.22,110.0
2.64,110.0
2.67,110.0
2.45,110.0
2.36,110.0
1.31,110.0
1.64,110.0
2.54,170.0
2.67,170.0
2.35,170.0
1.89,170.0
1.66,170.0
1.32,170.0
1.95,170.0
1.51,112.0
1.59,112.0
1.47,112.0
2.4,112.0
2.14,112.0
2.81,112.0
2.79,112.0
2.29,162.0
2.91,162.0
1.54,162.0
1.57,162.0
1.22,162.0
1.52,162.0
1.32,162.0
2.26,185.0
2.99,185.0
1.57,185.0
2.57,185.0
2.68,185.0
2.94,185.0
2.95,185.0
1.53,181.0
2.94,181.0
1.43,181.0
2.85,181.0
1.21,181.0
1.82,181.0
2.94,181.0
2.57,194.0
2.74,194.0
1.69,194.0
2.87,194.0
2.7,194.0
1.12,194.0
1.38,194.0
1.73,161.0
2.07,161.0
2.47,161.0
1.46,161.0
2.13,161.0
1.08,161.0
2.32,161.0
1.36,103.0
2.35,103.0
2.62,103.0
1.58,103.0
2.11,103.0
1.98,103.0
1.95,103.0
1.28,185.0
1.78,185.0
2.91,185.0
2.14,185.0
2.63,185.0
1.51,185.0
1.76,185.0
1.92,178.0
1.55,178.0
2.88,178.0
2.58,178.0
1.52,178.0
2.3,178.0
2.15,178.0
2.77,147.0
2.9,147.0
2.96,147.0
1.52,147.0
1.23,147.0
1.05,147.0
2.19,147.0
1.09,102.0
1.63,102.0
1.23,102.0
1.28,102.0
1.76,102.0
2.42,102.0
2.41,102.0
1.58,126.0
2.45,126.0
1.17,126.0
1.82,126.0
1.37,126.0
1.27,126.0
1.01,126.0
2.27,143.0
2.69,143.0
2.96,143.0
1.97,143.0
1.03,143.0
1.31,143.0
2.51,143.0
1.28,131.0
1.67,131.0
1.91,131.0
1.05,131.0
2.9,131.0
2.32,131.0
2.81,131.0
1.55,130.0
2.98,130.0
2.6,130.0
2.91,130.0
1.43,130.0
1.13,130.0
2.32,130.0
1.29,157.0
1.04,157.0
1.12,157.0
1.87,157.0
2.84,157.0
2.56,157.0
2.75,157.0
1.88,179.0
1.6,179.0
2.63,179.0
2.9,179.0
1.25,179.0
1.04,179.0
1.94,179.0
2.46,114.0
1.07,114.0
2.36,114.0
2.71,114.0
2.98,114.0
1.13,114.0
1.45,114.0
2.66,185.0
1.6,185.0
2.32,185.0
1.18,185.0
1.31,185.0
1.9,185.0
1.18,185.0
1.29,100.0
2.05,100.0
1.15,100.0
2.34,100.0
2.29,100.0
1.98,100.0
2.6,100.0
1.03,133.0
1.5,133.0
2.73,133.0
2.87,133.0
2.24,133.0
1.37,133.0
1.77,133.0
2.14,190.0
1.45,190.0
2.69,190.0
1.43,190.0
1.04,190.0
1.99,190.0
2.65,190.0
2.98,173.0
2.93,173.0
1.91,173.0
2.17,173.0
2.22,173.0
1.22,173.0
2.25,173.0
