id,age,dfi,weight
999,1,1.916,25.0
999,2,1.947,
86,1,1.943,57.504
86,2,1.595,58.551
86,3,1.725,59.597
86,4,1.731,60.644
86,5,1.735,61.691
86,6,1.794,62.737
86,7,1.554,64.5
86,8,1.827,64.75
86,9,1.651,65.5
86,10,1.65,66.5
86,11,1.781,67.75
86,12,1.966,69.0
86,13,2.276,70.0
86,14,2.216,72.0
86,15,2.167,72.25
86,16,2.554,73.0
86,17,2.23,74.5
86,18,2.14,75.75
86,19,2.295,76.5
86,20,2.219,78.0
86,21,2.254,79.0
86,22,2.12,80.0
86,23,1.926,81.0
86,24,2.367,80.5
86,25,2.6,82.0
86,26,2.192,82.75
86,27,2.379,84.75
86,28,2.223,85.0
86,29,2.805,86.25
86,30,2.402,87.5
86,31,2.385,89.0
86,32,2.747,90.25
86,33,2.256,91.0
86,34,3.007,93.0
86,35,2.883,94.0
86,36,2.866,95.5
86,37,2.627,96.5
86,38,2.52,96.5
86,39,3.011,99.0
86,40,1.821,99.0
86,41,2.099,99.0
86,42,1.897,99.5
86,43,2.572,101.625
86,44,2.442,102.75
86,45,2.289,103.0
86,46,2.541,104.0
86,47,2.411,105.5
86,48,2.392,106.0
86,49,2.489,107.5
86,50,2.682,108.25
86,51,2.525,108.5
86,52,2.973,110.0
86,53,2.7,111.0
86,54,2.752,111.0
86,55,2.783,111.0
86,56,3.144,112.5
86,57,2.707,113.5
86,58,2.815,115.5
86,59,3.375,117.0
86,60,2.747,118.0
86,61,3.0,120.5
86,62,2.56,121.0
86,63,3.172,121.5
86,64,2.658,122.625
86,65,3.185,123.5
86,66,3.126,122.5
86,67,2.666,125.0
86,68,3.372,126.0
86,69,2.008,125.25
86,70,2.869,127.75
86,71,3.217,129.0
86,72,2.566,131.0
86,73,2.835,131.25
86,74,3.441,131.0
86,75,2.058,133.0
86,76,3.229,132.5
83,1,1.136,54.692
83,2,1.345,55.554
83,3,1.13,56.416
83,4,1.118,57.279
83,5,1.845,58.141
83,6,1.057,59.003
83,7,0.447,61.5
83,8,0.176,60.5
83,9,0.753,60.25
83,10,1.371,61.5
83,11,1.378,63.0
83,12,1.838,64.5
83,13,1.571,65.5
83,14,1.647,67.0
83,15,1.837,67.0
83,16,1.679,67.5
83,17,1.711,68.0
83,18,1.933,69.0
83,19,1.968,69.625
83,20,1.829,71.75
83,21,1.519,71.5
83,22,1.713,73.5
83,23,1.733,74.0
83,24,1.569,73.25
83,25,1.717,73.5
83,26,1.567,74.0
83,27,1.877,75.5
83,28,1.849,78.0
83,29,2.343,78.75
83,30,1.892,78.75
83,31,2.132,80.0
83,32,2.256,80.5
83,33,1.788,81.0
83,34,2.535,82.5
83,35,2.414,84.0
83,36,2.499,84.5
83,37,2.42,86.0
83,38,2.153,87.5
83,39,2.325,88.375
83,40,2.321,89.0
83,41,2.254,89.75
83,42,2.163,89.0
83,43,2.564,92.0
83,44,2.335,92.75
83,45,2.314,93.0
83,46,2.374,95.0
83,47,2.102,95.0
83,48,2.643,96.0
83,49,2.367,97.0
83,50,2.213,97.25
83,51,2.53,99.0
83,52,1.799,99.0
83,53,2.931,100.0
83,54,2.811,102.0
83,55,2.452,102.0
83,56,2.657,102.5
83,57,2.609,104.25
83,58,2.036,105.5
83,59,2.816,106.5
83,60,2.536,107.5
83,61,2.419,109.25
83,62,2.229,110.25
83,63,2.663,110.125
83,64,2.72,112.0
83,65,2.462,112.75
83,66,2.398,113.0
83,67,2.78,114.0
83,68,3.183,116.0
83,69,2.531,116.5
83,70,2.592,120.25
83,71,3.018,119.5
83,72,2.799,120.25
83,73,3.331,121.25
83,74,2.854,123.5
83,75,3.007,123.0
83,76,2.572,124.0
4,1,1.517,36.5
4,2,1.644,38.5
4,3,1.602,39.339
4,4,1.607,40.39
4,5,1.792,42.0
4,6,1.374,43.0
4,7,1.773,43.5
4,8,1.613,44.5
4,9,1.687,45.5
4,10,1.414,46.5
4,11,1.702,47.5
4,12,1.562,48.25
4,13,1.95,49.75
4,14,1.483,51.0
4,15,1.604,51.5
4,16,1.775,52.0
4,17,1.664,53.0
4,18,1.81,54.0
4,19,1.892,55.5
4,20,1.95,56.25
4,21,1.912,58.0
4,22,1.562,58.0
4,23,1.675,58.25
4,24,1.742,58.5
4,25,1.764,60.5
4,26,1.748,61.0
4,27,2.188,62.5
4,28,1.856,63.5
4,29,1.663,64.0
4,30,1.935,65.5
4,31,1.954,66.5
4,32,2.008,67.0
4,33,2.188,68.25
4,34,1.885,69.5
4,35,2.154,70.5
4,36,2.42,71.5
4,37,1.568,72.5
4,38,2.444,72.5
4,39,1.572,73.5
4,40,2.338,74.5
4,41,1.748,76.5
4,42,2.111,77.5
4,43,2.479,79.0
4,44,1.955,80.0
4,45,2.125,81.0
4,46,2.208,81.75
4,47,2.186,81.0
4,48,1.991,82.0
4,49,2.627,84.0
4,50,1.87,85.5
4,51,2.116,86.375
4,52,2.665,86.5
4,53,2.04,82.5
4,54,3.012,84.125
4,55,1.597,85.25
4,56,2.218,86.0
4,57,2.032,86.0
4,58,2.036,86.5
4,59,1.518,87.5
4,60,2.373,88.25
4,61,1.614,90.0
4,62,2.398,90.75
4,63,2.149,92.0
4,64,1.923,93.5
4,65,2.677,95.0
4,66,2.31,95.5
4,67,2.435,97.0
4,68,2.105,98.25
4,69,2.391,98.5
4,70,2.492,101.0
4,71,1.878,102.5
4,72,2.898,102.25
4,73,1.998,103.0
4,74,2.333,103.25
4,75,2.007,104.75
4,76,2.277,104.5
74,1,1.038,60.29
74,2,1.564,61.246
74,3,1.464,62.203
74,4,1.524,63.159
74,5,1.847,64.115
74,6,1.642,65.071
74,7,1.829,66.0
74,8,1.569,67.0
74,9,1.796,67.75
74,10,1.863,69.0
74,11,1.817,69.5
74,12,2.041,71.0
74,13,1.824,72.25
74,14,2.221,73.0
74,15,2.084,73.0
74,16,1.972,74.5
74,17,2.189,75.0
74,18,1.879,76.5
74,19,1.737,77.0
74,20,2.244,78.0
74,21,1.891,79.0
74,22,2.236,80.0
74,23,2.21,80.5
74,24,2.265,81.0
74,25,2.255,82.0
74,26,2.274,83.5
74,27,1.827,83.5
74,28,2.331,85.0
74,29,2.702,86.5
74,30,2.594,87.5
74,31,2.492,89.5
74,32,2.844,90.0
74,33,2.588,90.5
74,34,2.743,93.0
74,35,2.383,93.0
74,36,2.314,93.25
74,37,2.646,94.5
74,38,2.331,95.5
74,39,2.606,97.0
74,40,2.935,98.5
74,41,2.361,99.5
74,42,2.968,100.0
74,43,2.903,102.0
74,44,3.282,102.25
74,45,2.214,103.0
74,46,2.989,104.5
74,47,2.599,105.75
74,48,2.806,106.0
74,49,2.536,108.0
74,50,2.688,108.0
74,51,2.683,108.5
74,52,2.794,109.5
74,53,3.08,109.75
74,54,2.687,111.5
74,55,2.683,112.5
74,56,3.124,113.25
74,57,2.513,114.0
74,58,2.322,115.0
74,59,2.641,115.75
74,60,2.795,118.0
74,61,2.894,119.0
74,62,2.918,120.75
74,63,3.239,120.0
74,64,2.934,120.75
74,65,2.85,122.5
74,66,3.009,122.75
74,67,3.293,124.0
74,68,3.186,124.5
74,69,2.97,126.5
74,70,2.704,126.25
74,71,3.344,127.25
74,72,2.816,128.0
74,73,2.317,128.75
74,74,3.01,129.0
74,75,2.553,129.5
74,76,3.05,130.75
3,1,1.203,44.5
3,2,2.11,47.5
3,3,1.884,47.5
3,4,2.285,49.0
3,5,2.589,50.75
3,6,1.916,52.0
3,7,1.7,53.0
3,8,2.545,54.0
3,9,2.228,55.5
3,10,2.326,56.5
3,11,2.31,57.0
3,12,2.738,58.5
3,13,2.135,60.0
3,14,2.704,60.5
3,15,2.254,61.0
3,16,2.224,62.5
3,17,2.293,64.0
3,18,2.634,64.75
3,19,2.529,66.5
3,20,2.234,67.0
3,21,2.815,68.75
3,22,2.456,69.5
3,23,2.54,70.75
3,24,2.672,71.0
3,25,2.467,72.25
3,26,1.626,73.165
3,27,3.324,74.5
3,28,2.017,74.5
3,29,2.585,76.25
3,30,2.542,76.0
3,31,2.108,78.0
3,32,2.771,79.5
3,33,2.082,80.5
3,34,2.86,82.5
3,35,1.914,83.5
3,36,3.495,84.0
3,37,1.792,86.0
3,38,2.857,85.5
3,39,2.528,87.5
3,40,1.889,88.341
3,41,2.588,89.0
3,42,2.886,90.5
3,43,2.168,91.523
3,44,2.696,92.25
3,45,2.554,94.0
3,46,2.566,95.0
3,47,2.95,95.5
3,48,2.632,97.0
3,49,2.641,99.0
3,50,1.672,98.128
3,51,1.685,98.75
3,52,1.69,98.5
3,53,3.314,99.75
3,54,2.405,101.0
3,55,2.799,103.5
3,56,2.366,102.75
3,57,2.083,103.5
3,58,1.73,103.5
3,59,1.998,104.648
3,60,2.55,104.5
3,61,2.863,106.5
3,62,1.686,108.0
3,63,2.898,107.25
3,64,1.629,107.0
3,65,2.133,106.875
3,66,1.197,107.5
3,67,1.394,107.5
3,68,2.127,108.0
3,69,1.051,108.5
3,70,1.582,108.5
3,71,1.584,109.0
3,72,1.598,110.5
3,73,1.667,110.527
3,74,1.687,111.024
3,75,1.707,111.521
3,76,1.788,112.75
3,77,1.903,112.0
100,1,0.904,35.0
100,2,1.014,41.75
100,3,1.228,38.5
100,4,1.403,39.0
100,5,1.817,40.5
100,6,1.572,41.5
100,7,1.71,42.5
100,8,1.613,43.5
100,9,1.736,44.0
100,10,1.782,44.25
100,11,1.883,45.5
100,12,1.721,46.0
100,13,1.843,47.5
100,14,1.723,48.5
100,15,1.416,48.5
100,16,1.718,49.0
100,17,1.668,50.5
100,18,1.739,51.0
100,19,1.623,52.0
100,20,2.155,53.0
100,21,1.896,54.5
100,22,2.202,55.5
100,23,1.834,56.0
100,24,1.973,57.0
100,25,1.778,58.0
100,26,1.951,58.75
100,27,2.02,60.0
100,28,2.122,61.5
100,29,1.741,61.5
100,30,2.531,63.0
100,31,2.26,64.0
100,32,0.49,65.265
100,33,1.433,66.5
100,34,2.119,68.25
100,35,2.09,68.5
100,36,1.998,69.0
100,37,2.58,70.5
100,38,2.425,70.5
100,39,2.074,72.0
100,40,2.389,73.5
100,41,2.235,75.0
100,42,2.425,76.0
100,43,2.286,76.75
100,44,2.501,78.5
100,45,2.296,79.25
100,46,2.166,80.0
100,47,2.571,81.0
100,48,2.469,82.0
100,49,2.425,84.0
100,50,2.473,84.25
100,51,2.503,86.0
100,52,2.75,86.5
100,53,2.647,88.25
100,54,1.675,88.5
100,55,3.307,90.0
100,56,2.364,91.0
100,57,1.815,91.0
100,58,2.735,92.25
100,59,2.272,93.5
100,60,2.013,94.5
100,61,2.775,94.25
100,62,2.942,95.5
100,63,1.744,97.25
100,64,3.813,100.5
100,65,2.547,99.5
100,66,2.295,100.75
100,67,2.356,100.75
100,68,3.11,102.5
100,69,3.027,104.5
100,70,2.478,104.625
100,71,2.5,105.0
100,72,2.449,107.5
100,73,2.658,107.871
100,74,2.664,108.908
100,75,2.67,109.946
100,76,2.566,111.0
100,77,2.79,112.0
46,1,0.533,28.5
46,2,1.216,29.0
46,3,1.275,29.0
46,4,1.27,30.0
46,5,1.482,30.5
46,6,1.508,31.5
46,7,1.373,32.25
46,8,1.394,33.0
46,9,1.625,33.5
46,10,1.708,34.0
46,11,1.421,35.0
46,12,1.625,36.0
46,13,1.655,37.0
46,14,1.802,38.0
46,15,1.621,38.5
46,16,1.759,39.0
46,17,1.693,39.25
46,18,2.002,41.0
46,19,1.838,42.0
46,20,1.703,42.5
46,21,1.594,43.5
46,22,1.771,44.5
46,23,1.981,45.5
46,24,1.908,46.5
46,25,1.865,47.0
46,26,2.179,48.0
46,27,1.848,48.5
46,28,2.073,49.75
46,29,2.224,51.0
46,30,2.228,51.5
46,31,2.165,52.75
46,32,2.189,53.5
46,33,2.233,54.5
46,34,1.952,55.75
46,35,2.426,57.0
46,36,2.238,58.5
46,37,2.091,58.5
46,38,2.187,59.0
46,39,2.077,60.5
46,40,2.284,61.5
46,41,2.097,62.75
46,42,2.146,64.0
46,43,2.647,65.5
46,44,2.269,66.0
46,45,2.324,67.0
46,46,2.071,68.5
46,47,2.246,68.0
46,48,2.696,70.0
46,49,1.993,71.0
46,50,2.558,72.0
46,51,2.241,72.5
46,52,2.668,74.0
46,53,2.125,75.0
46,54,2.507,75.0
46,55,2.459,76.0
46,56,2.367,76.5
46,57,1.797,77.5
46,58,2.31,78.25
46,59,1.99,79.75
46,60,3.115,80.0
46,61,2.505,82.0
46,62,3.226,83.75
46,63,2.755,84.0
46,64,2.551,84.5
46,65,3.061,85.0
46,66,3.024,85.75
46,67,2.949,86.75
46,68,3.104,88.5
46,69,3.1,90.0
46,70,2.796,89.0
46,71,2.855,91.0
46,72,2.761,93.0
46,73,2.871,92.858
46,74,2.862,93.783
46,75,2.852,94.709
46,76,2.737,95.5
46,77,2.812,96.25
92,1,1.002,28.5
92,2,1.642,28.75
92,3,1.077,30.5
92,4,1.247,31.0
92,5,1.469,31.5
92,6,1.453,33.25
92,7,1.346,33.5
92,8,1.703,33.75
92,9,1.928,35.0
92,10,1.721,36.0
92,11,1.718,37.0
92,12,1.831,37.5
92,13,1.826,38.0
92,14,1.631,39.5
92,15,1.795,40.0
92,16,1.859,40.25
92,17,1.798,42.0
92,18,1.905,43.0
92,19,1.955,44.0
92,20,2.222,45.0
92,21,1.909,45.0
92,22,1.685,45.5
92,23,2.216,47.0
92,24,1.538,48.0
92,25,2.091,48.5
92,26,1.849,49.0
92,27,1.61,50.5
92,28,2.384,51.75
92,29,2.115,53.0
92,30,1.556,53.0
92,31,2.057,53.5
92,32,1.986,55.0
92,33,1.931,55.5
92,34,2.48,57.0
92,35,2.086,57.875
92,36,2.216,59.5
92,37,2.001,60.0
92,38,1.957,61.0
92,39,2.081,61.5
92,40,2.114,63.0
92,41,2.214,64.75
92,42,1.894,66.0
92,43,2.418,66.5
92,44,2.189,68.5
92,45,2.615,69.0
92,46,2.436,70.5
92,47,2.146,71.75
92,48,1.776,72.5
92,49,2.824,73.5
92,50,1.916,74.5
92,51,2.947,75.0
92,52,2.36,74.5
92,53,2.767,77.5
92,54,3.014,79.0
92,55,2.455,80.0
92,56,2.9,81.0
92,57,2.507,82.0
92,58,2.781,83.25
92,59,2.411,83.5
92,60,2.519,85.0
92,61,2.912,85.75
92,62,2.864,87.25
92,63,2.568,88.0
92,64,2.805,89.75
92,65,3.033,90.25
92,66,2.758,90.5
92,67,2.473,91.75
92,68,2.896,93.0
92,69,2.721,95.5
92,70,2.832,95.0
92,71,2.664,96.0
92,72,2.024,97.0
92,73,2.565,97.944
92,74,2.544,98.89
92,75,2.522,99.836
92,76,2.546,100.5
92,77,2.747,102.0
68,1,1.392,39.55
68,2,1.185,40.525
68,3,0.923,41.25
68,4,1.207,42.25
68,5,1.675,43.0
68,6,1.813,44.5
68,7,1.788,46.0
68,8,2.114,47.0
68,9,1.671,47.0
68,10,1.747,49.0
68,11,1.543,48.0
68,12,1.851,48.5
68,13,2.014,49.5
68,14,2.167,50.0
68,15,1.939,51.25
68,16,1.932,52.5
68,17,2.134,54.0
68,18,2.024,54.75
68,19,2.125,55.5
68,20,1.806,58.0
68,21,0.849,58.0
68,22,1.305,57.5
68,23,2.868,57.5
68,24,2.145,61.0
68,25,2.001,63.25
68,26,2.096,64.5
68,27,1.951,65.5
68,28,1.957,66.0
68,29,2.153,67.0
68,30,2.433,67.0
68,31,2.108,69.0
68,32,2.281,70.0
68,33,2.537,70.5
68,34,2.353,72.0
68,35,2.594,72.5
68,36,2.154,74.5
68,37,2.651,75.5
68,38,2.439,76.5
68,39,2.53,77.0
68,40,2.507,79.0
68,41,2.58,80.5
68,42,2.575,81.75
68,43,2.786,81.5
68,44,2.219,82.5
68,45,3.202,83.75
68,46,2.22,85.5
68,47,2.823,86.25
68,48,2.388,87.75
68,49,2.37,88.75
68,50,2.687,89.0
68,51,2.878,91.5
68,52,3.092,92.5
68,53,2.745,93.592
68,54,2.73,94.706
68,55,2.715,95.819
68,56,2.97,98.5
68,57,2.697,98.5
68,58,2.637,98.5
68,59,2.314,100.75
68,60,2.538,101.0
68,61,1.963,99.5
68,62,2.786,101.25
68,63,2.396,102.25
68,64,2.663,104.5
68,65,2.605,105.0
68,66,2.009,106.75
68,67,2.222,106.994
68,68,2.179,108.0
68,69,2.707,108.0
68,70,3.214,110.5
68,71,2.896,111.5
13,1,0.969,40.5
13,2,1.539,41.5
13,3,1.308,42.0
13,4,1.332,42.5
13,5,1.4,43.5
13,6,1.874,44.0
13,7,1.588,45.5
13,8,1.402,46.5
13,9,1.681,47.5
13,10,1.575,48.5
13,11,1.506,48.5
13,12,1.582,48.0
13,13,1.97,49.0
13,14,1.69,49.5
13,15,2.125,50.5
13,16,1.734,51.5
13,17,2.089,53.5
13,18,1.974,54.5
13,19,1.996,55.5
13,20,1.847,56.5
13,21,2.011,59.0
13,22,2.222,60.0
13,23,1.943,61.0
13,24,2.402,62.75
13,25,2.164,64.0
13,26,1.991,65.25
13,27,2.313,66.0
13,28,2.185,66.5
13,29,2.091,67.5
13,30,2.192,68.25
13,31,2.231,69.5
13,32,2.635,70.25
13,33,2.4,72.0
13,34,2.362,73.0
13,35,2.069,73.0
13,36,2.053,74.75
13,37,2.05,75.0
13,38,2.458,76.5
13,39,2.15,77.5
13,40,2.407,79.0
13,41,2.549,80.5
13,42,2.259,80.75
13,43,2.398,80.0
13,44,2.65,82.5
13,45,2.235,84.0
13,46,2.543,85.0
13,47,2.64,85.5
13,48,2.016,86.0
13,49,2.267,87.5
13,50,2.426,88.5
13,51,2.586,89.5
13,52,2.124,90.25
13,53,2.358,90.981
13,54,2.368,91.875
13,55,2.378,92.769
13,56,2.513,93.0
13,57,1.963,95.0
13,58,2.924,95.0
13,59,1.996,96.5
13,60,2.76,97.75
13,61,2.557,98.25
13,62,2.341,99.25
13,63,2.59,99.5
13,64,2.373,101.75
13,65,2.615,101.5
13,66,1.462,104.0
13,67,2.561,102.0
13,68,2.551,106.0
13,69,2.566,107.5
13,70,2.747,108.5
13,71,2.484,110.5
38,1,1.032,36.0
38,2,1.108,37.5
38,3,1.247,38.0
38,4,1.214,38.0
38,5,1.727,38.5
38,6,1.521,39.5
38,7,1.836,41.0
38,8,1.611,42.0
38,9,1.704,43.5
38,10,1.752,44.5
38,11,1.546,43.0
38,12,1.583,43.5
38,13,1.601,44.5
38,14,1.515,45.0
38,15,1.759,45.5
38,16,1.865,47.0
38,17,1.779,48.0
38,18,1.685,49.25
38,19,1.853,50.0
38,20,2.113,52.0
38,21,1.592,53.0
38,22,1.65,54.0
38,23,1.744,55.25
38,24,1.872,56.25
38,25,1.863,57.625
38,26,2.01,58.75
38,27,1.79,59.375
38,28,2.101,60.5
38,29,2.059,61.0
38,30,2.009,62.75
38,31,2.116,63.5
38,32,2.011,64.0
38,33,2.166,65.0
38,34,2.077,66.25
38,35,2.063,66.75
38,36,1.974,68.0
38,37,1.786,68.5
38,38,2.117,69.5
38,39,2.114,70.0
38,40,1.94,71.5
38,41,1.992,72.5
38,42,2.262,73.0
38,43,2.194,73.0
38,44,2.134,75.0
38,45,2.359,76.0
38,46,2.241,77.0
38,47,2.135,77.5
38,48,1.941,78.5
38,49,1.857,79.5
38,50,1.9,79.5
38,51,2.126,81.0
38,52,2.228,81.75
38,53,2.136,82.897
38,54,2.167,83.829
38,55,2.199,84.762
38,56,2.08,85.75
38,57,2.5,87.0
38,58,2.128,87.5
38,59,2.481,88.5
38,60,2.201,89.5
38,61,2.266,90.0
38,62,2.519,91.0
38,63,2.053,91.5
38,64,2.281,92.75
38,65,2.517,93.5
38,66,2.22,95.0
38,67,1.805,96.0
38,68,2.478,98.0
38,69,2.406,100.0
38,70,3.15,100.0
38,71,2.665,100.5
85,1,0.833,33.442
85,2,0.894,34.25
85,3,1.037,34.5
85,4,1.377,36.0
85,5,1.754,37.0
85,6,1.396,37.5
85,7,1.521,39.0
85,8,1.518,39.0
85,9,1.001,40.0
85,10,1.211,40.5
85,11,1.234,40.75
85,12,1.569,41.0
85,13,1.405,42.25
85,14,1.654,43.5
85,15,1.135,44.5
85,16,1.422,45.0
85,17,1.828,46.0
85,18,1.396,47.5
85,19,1.877,48.0
85,20,1.507,49.5
85,21,1.855,50.0
85,22,1.839,49.0
85,23,1.797,49.0
85,24,1.691,50.5
85,25,1.923,51.5
85,26,1.908,52.75
85,27,1.636,53.0
85,28,2.147,54.25
85,29,1.853,55.75
85,30,2.076,57.5
85,31,1.873,57.0
85,32,1.821,57.5
85,33,1.811,59.0
85,34,1.878,59.75
85,35,1.716,61.0
85,36,1.686,61.75
85,37,2.136,61.5
85,38,1.78,63.5
85,39,2.067,63.5
85,40,1.899,65.75
85,41,1.667,66.0
85,42,2.909,65.25
85,43,2.345,66.75
85,44,2.4,68.25
85,45,2.541,71.5
85,46,2.409,71.5
85,47,1.904,72.5
85,48,2.418,73.0
85,49,2.265,75.0
85,50,2.716,75.75
85,51,2.247,77.0
85,52,2.607,79.0
85,53,2.438,79.112
85,54,2.46,80.208
85,55,2.481,81.305
85,56,2.174,82.0
85,57,2.675,83.0
85,58,2.351,83.5
85,59,3.009,86.5
85,60,2.465,87.25
85,61,2.623,88.5
85,62,2.859,89.75
85,63,2.392,90.0
85,64,2.574,91.5
85,65,2.01,90.5
85,66,2.814,93.0
85,67,2.424,92.75
85,68,2.914,95.75
85,69,2.39,96.75
85,70,2.665,97.875
85,71,2.47,100.25
60,1,0.958,28.625
60,2,0.176,30.25
60,3,1.047,30.317
60,4,0.973,31.214
60,5,1.212,28.5
60,6,1.351,34.75
60,7,1.727,35.0
60,8,1.412,35.5
60,9,1.896,36.75
60,10,1.775,34.625
60,11,1.814,36.625
60,12,2.005,40.5
60,13,2.005,41.0
60,14,2.113,43.25
60,15,2.02,42.5
60,16,1.873,42.25
60,17,1.777,43.5
60,18,2.367,44.5
60,19,1.755,47.25
60,20,1.476,47.5
60,21,1.899,47.25
60,22,1.835,48.0
60,23,1.658,47.75
60,24,1.51,49.5
60,25,2.038,50.5
60,26,1.296,52.0
60,27,1.931,52.0
60,28,2.164,53.875
60,29,2.95,55.0
60,30,1.715,56.5
60,31,2.179,57.015
60,32,2.204,58.027
60,33,2.23,59.039
60,34,2.707,60.0
60,35,2.188,61.5
60,36,1.879,61.75
60,37,2.517,63.0
60,38,1.988,63.75
60,39,2.246,64.25
60,40,2.058,66.0
60,41,1.89,67.0
60,42,2.523,67.75
60,43,1.79,68.5
60,44,2.688,70.0
60,45,2.133,71.5
60,46,1.484,72.0
60,47,2.665,73.0
60,48,2.078,73.5
60,49,1.842,74.0
60,50,1.751,73.5
60,51,2.082,76.0
60,52,2.484,78.25
60,53,1.786,77.0
60,54,3.488,79.5
60,55,2.576,80.712
60,56,3.087,82.0
60,57,2.035,83.5
60,58,3.194,84.5
60,59,2.941,85.0
60,60,1.732,88.0
60,61,3.246,88.25
60,62,2.488,89.0
60,63,2.737,90.75
60,64,2.39,92.5
60,65,2.042,91.5
60,66,2.391,92.75
60,67,2.884,94.0
60,68,2.516,95.75
60,69,2.817,97.0
72,1,1.338,38.47
72,2,1.599,39.0
72,3,2.131,40.75
72,4,1.635,41.5
72,5,1.66,41.75
72,6,1.858,42.25
72,7,1.904,44.0
72,8,1.951,44.5
72,9,2.156,45.5
72,10,2.148,46.75
72,11,1.952,48.0
72,12,2.1,49.5
72,13,1.749,50.75
72,14,2.523,51.0
72,15,2.12,51.0
72,16,2.363,51.0
72,17,2.1,52.5
72,18,2.53,53.0
72,19,2.412,55.5
72,20,2.253,57.0
72,21,2.567,57.0
72,22,2.584,59.25
72,23,2.616,59.75
72,24,2.274,61.0
72,25,2.21,61.5
72,26,2.615,63.25
72,27,2.444,63.75
72,28,2.106,65.0
72,29,0.702,65.99
72,30,2.063,67.015
72,31,2.108,68.04
72,32,2.154,69.065
72,33,2.199,70.09
72,34,2.399,71.5
72,35,2.608,72.0
72,36,2.44,73.0
72,37,2.067,74.0
72,38,2.564,74.5
72,39,2.865,76.0
72,40,2.45,77.5
72,41,3.088,79.0
72,42,2.767,78.75
72,43,2.372,80.5
72,44,3.313,82.0
72,45,2.712,82.0
72,46,2.99,84.0
72,47,2.832,86.0
72,48,2.944,87.0
72,49,3.173,88.0
72,50,2.093,87.5
72,51,2.917,88.0
72,52,2.08,89.5
72,53,3.169,91.5
72,54,2.875,93.25
72,55,3.14,94.587
72,56,3.317,96.375
72,57,3.722,98.0
72,58,3.548,98.75
72,59,3.857,100.5
72,60,2.926,101.5
72,61,4.113,104.0
72,62,2.597,104.5
72,63,3.483,105.0
72,64,2.817,105.25
72,65,2.705,104.75
72,66,2.01,105.25
72,67,2.462,107.0
72,68,3.703,109.5
72,69,2.734,110.5
42,1,0.924,41.25
42,2,1.275,37.5
42,3,0.864,39.5
42,4,1.458,39.5
42,5,1.481,41.0
42,6,1.521,43.0
42,7,1.522,44.0
42,8,1.676,44.5
42,9,1.635,46.0
42,10,1.849,46.5
42,11,1.708,47.25
42,12,2.117,48.5
42,13,1.827,49.5
42,14,2.377,50.25
42,15,1.977,52.0
42,16,1.713,52.0
42,17,1.942,53.5
42,18,2.258,55.0
42,19,2.096,55.5
42,20,1.822,56.5
42,21,2.02,57.5
42,22,2.085,58.5
42,23,2.126,59.0
42,24,1.766,59.75
42,25,2.007,61.5
42,26,2.482,63.0
42,27,2.137,63.75
42,28,2.125,64.25
42,29,2.388,65.75
42,30,2.223,67.5
42,31,2.096,66.992
42,32,2.067,67.808
42,33,2.038,68.623
42,34,1.868,68.5
42,35,1.852,69.0
42,36,1.525,71.0
42,37,2.33,72.25
42,38,1.843,73.5
42,39,2.359,74.0
42,40,1.952,75.0
42,41,2.438,77.0
42,42,2.088,77.0
42,43,1.946,79.25
42,44,2.147,78.75
42,45,1.776,80.0
42,46,2.39,81.5
42,47,2.524,82.75
42,48,2.326,83.75
42,49,2.089,85.0
42,50,2.283,86.75
42,51,2.265,87.0
42,52,1.326,88.5
42,53,1.158,85.0
42,54,0.844,89.535
42,55,2.064,90.584
42,56,3.099,91.5
42,57,2.352,94.0
42,58,2.843,94.0
42,59,2.519,95.25
42,60,2.934,96.75
42,61,2.127,97.5
42,62,2.805,99.0
42,63,2.497,99.5
42,64,1.556,100.5
42,65,2.678,100.5
42,66,2.364,103.25
42,67,3.14,104.25
42,68,2.466,105.75
42,69,3.047,106.5
76,1,1.483,38.0
76,2,1.584,39.25
76,3,1.305,41.0
76,4,1.661,40.75
76,5,1.275,42.0
76,6,1.526,42.5
76,7,1.611,43.5
76,8,1.496,43.5
76,9,1.615,45.0
76,10,2.27,46.5
76,11,1.992,47.5
76,12,1.656,49.0
76,13,1.729,49.5
76,14,2.091,49.75
76,15,1.819,50.5
76,16,1.568,47.5
76,17,2.275,51.5
76,18,1.958,52.0
76,19,2.075,54.5
76,20,1.949,55.25
76,21,1.979,55.5
76,22,2.214,57.0
76,23,2.347,58.0
76,24,2.349,59.0
76,25,0.926,60.0
76,26,1.614,61.5
76,27,2.123,62.5
76,28,2.493,63.125
76,29,2.09,65.0
76,30,2.15,66.5
76,31,2.077,66.273
76,32,2.092,67.145
76,33,2.107,68.017
76,34,1.985,69.0
76,35,2.101,69.5
76,36,1.914,69.5
76,37,2.234,71.5
76,38,2.423,72.25
76,39,2.134,73.0
76,40,1.979,75.0
76,41,3.031,76.0
76,42,2.315,76.75
76,43,2.641,77.75
76,44,2.381,78.75
76,45,2.699,80.0
76,46,2.561,81.75
76,47,2.327,83.0
76,48,2.997,84.0
76,49,2.712,84.75
76,50,2.85,84.5
76,51,2.641,87.5
76,52,2.419,88.5
76,53,2.729,90.0
76,54,2.639,89.5
76,55,2.675,91.617
76,56,3.037,93.5
76,57,2.382,93.5
76,58,2.383,95.5
76,59,2.575,95.25
76,60,3.613,97.5
76,61,2.502,98.5
76,62,2.342,100.5
76,63,2.633,101.0
76,64,2.482,102.0
76,65,1.893,101.125
76,66,2.625,101.5
76,67,2.66,103.5
76,68,2.902,105.0
76,69,3.112,108.0
17,1,1.001,28.5
17,2,0.842,29.5
17,3,0.902,30.5
17,4,1.199,31.75
17,5,1.134,33.0
17,6,1.435,33.5
17,7,1.216,34.0
17,8,1.219,34.5
17,9,1.327,35.25
17,10,1.52,35.25
17,11,1.502,37.0
17,12,1.554,39.5
17,13,1.357,39.5
17,14,1.687,41.0
17,15,1.958,39.25
17,16,1.656,39.5
17,17,1.605,41.0
17,18,1.821,41.0
17,19,1.606,41.941
17,20,1.479,42.557
17,21,1.676,41.25
17,22,1.513,44.0
17,23,2.292,46.75
17,24,2.055,47.5
17,25,2.094,41.75
17,26,1.894,46.75
17,27,2.01,46.952
17,28,1.819,44.0
17,29,1.983,46.5
17,30,2.435,52.75
17,31,2.06,51.86
17,32,2.071,53.382
17,33,2.083,54.904
17,34,1.871,57.25
17,35,1.958,58.0
17,36,2.256,59.0
17,37,1.812,60.5
17,38,2.322,60.5
17,39,2.588,62.25
17,40,2.13,62.5
17,41,2.481,64.25
17,42,2.191,65.0
17,43,2.304,65.788
17,44,2.6,66.5
17,45,2.087,67.0
17,46,2.521,69.25
17,47,3.422,69.5
17,48,2.481,71.0
17,49,2.875,73.5
17,50,2.316,73.5
17,51,2.849,74.5
17,52,3.07,76.75
17,53,2.914,77.0
17,54,2.682,79.0
17,55,2.77,79.596
17,56,2.643,80.5
17,57,2.882,82.75
17,58,2.711,82.0
17,59,2.436,83.989
17,60,2.988,85.0
17,61,2.742,86.0
17,62,2.861,88.0
17,63,2.626,88.5
17,64,2.366,89.5
17,65,2.224,89.0
17,66,2.459,90.0
17,67,2.545,92.0
17,68,2.831,93.618
17,69,2.922,95.5
28,1,1.607,38.0
28,2,1.308,39.75
28,3,1.336,39.75
28,4,2.07,41.5
28,5,1.877,42.75
28,6,1.732,43.0
28,7,1.778,43.75
28,8,1.934,45.0
28,9,1.932,46.25
28,10,1.92,47.5
28,11,2.028,48.25
28,12,2.105,49.25
28,13,1.592,50.5
28,14,1.832,50.5
28,15,2.44,50.75
28,16,2.06,51.5
28,17,1.711,52.0
28,18,2.217,52.75
28,19,1.929,55.0
28,20,2.033,55.5
28,21,1.922,56.0
28,22,2.03,57.0
28,23,2.042,57.5
28,24,2.261,59.0
28,25,1.982,59.0
28,26,1.795,60.5
28,27,1.873,60.5
28,28,2.021,62.0
28,29,1.679,63.0
28,30,2.1,64.0
28,31,1.967,64.415
28,32,1.971,65.194
28,33,1.976,65.974
28,34,2.271,67.0
28,35,1.814,68.5
28,36,1.664,67.5
28,37,1.992,68.75
28,38,2.069,68.5
28,39,2.366,70.75
28,40,2.275,71.5
28,41,2.326,73.25
28,42,2.006,73.5
28,43,2.348,75.0
28,44,2.36,75.0
28,45,2.337,76.0
28,46,2.192,76.5
28,47,2.075,79.0
28,48,1.896,79.25
28,49,2.538,80.25
28,50,2.436,80.25
28,51,2.097,82.0
28,52,1.778,81.5
28,53,2.048,83.5
28,54,2.841,84.25
28,55,2.212,84.85
28,56,1.925,85.5
28,57,2.175,86.5
28,58,2.119,86.5
28,59,2.391,88.75
28,60,2.448,89.5
28,61,2.223,91.0
28,62,1.973,92.0
28,63,2.467,92.5
28,64,2.415,93.5
28,65,1.965,94.5
28,66,2.012,93.5
28,67,2.263,94.5
28,68,2.116,97.0
28,69,3.001,98.0
88,1,1.159,31.75
88,2,1.387,34.0
88,3,1.265,34.5
88,4,1.788,35.75
88,5,1.931,36.0
88,6,1.305,37.5
88,7,1.486,38.5
88,8,1.698,39.0
88,9,1.669,40.25
88,10,1.879,41.5
88,11,1.673,42.25
88,12,1.855,43.5
88,13,2.205,45.5
88,14,1.833,46.0
88,15,2.325,45.375
88,16,1.971,45.0
88,17,2.079,47.25
88,18,2.127,48.5
88,19,1.622,48.5
88,20,2.053,50.0
88,21,2.059,51.0
88,22,1.936,52.5
88,23,2.368,53.5
88,24,2.273,54.0
88,25,2.067,55.5
88,26,2.173,56.5
88,27,2.615,58.0
88,28,2.436,59.0
88,29,2.312,60.5
88,30,2.54,61.5
88,31,2.341,62.308
88,32,2.336,63.361
88,33,2.33,64.414
88,34,1.824,66.0
88,35,2.826,66.5
88,36,2.223,67.0
88,37,1.985,68.5
88,38,2.548,69.0
88,39,2.357,70.5
88,40,2.426,72.5
88,41,1.857,72.75
88,42,2.345,74.5
88,43,2.457,74.5
88,44,1.754,76.0
88,45,2.658,76.0
88,46,2.693,78.0
88,47,2.391,79.75
88,48,2.147,81.0
88,49,3.167,81.5
88,50,2.359,83.0
88,51,2.854,84.75
88,52,2.662,85.25
88,53,1.62,84.5
88,54,2.759,87.0
88,55,2.74,88.847
88,56,3.598,90.0
88,57,2.763,92.25
88,58,2.872,93.5
88,59,2.751,94.0
88,60,2.947,95.0
88,61,3.069,96.0
88,62,2.523,98.5
88,63,2.741,98.75
88,64,2.424,99.0
88,65,2.254,98.5
88,66,1.025,100.625
88,67,2.869,99.0
88,68,2.165,102.0
88,69,3.185,104.5
19,1,0.67,44.0
19,2,0.868,45.5
19,3,1.124,45.5
19,4,1.324,46.0
19,5,1.255,46.25
19,6,2.205,47.75
19,7,1.303,49.0
19,8,1.656,49.5
19,9,0.956,50.5
19,10,1.97,51.0
19,11,1.673,51.75
19,12,2.396,54.25
19,13,2.038,55.458
19,14,2.373,57.0
19,15,2.317,58.5
19,16,1.948,59.5
19,17,2.281,60.5
19,18,2.588,62.0
19,19,2.0,63.5
19,20,2.56,64.5
19,21,2.371,65.5
19,22,2.527,66.5
19,23,2.123,67.0
19,24,2.135,67.75
19,25,2.386,69.0
19,26,2.388,71.0
19,27,2.702,72.0
19,28,2.419,72.5
19,29,2.599,73.0
19,30,2.101,73.5
19,31,2.542,74.5
19,32,2.127,75.5
19,33,2.738,76.25
19,34,2.631,77.5
19,35,2.836,79.75
19,36,2.492,80.0
19,37,2.764,81.0
19,38,2.727,82.5
19,39,2.575,83.5
19,40,2.277,84.5
19,41,2.911,85.0
19,42,1.396,84.5
19,43,1.101,84.5
19,44,1.106,85.0
19,45,2.056,84.5
19,46,1.884,87.0
19,47,3.013,88.25
19,48,2.614,90.0
19,49,3.403,92.25
19,50,2.306,92.5
19,51,3.347,93.5
19,52,2.704,94.25
19,53,3.536,95.75
19,54,3.748,97.75
19,55,2.949,99.5
19,56,2.105,98.25
19,57,2.774,99.0
19,58,2.768,99.5
19,59,1.782,100.5
19,60,1.491,99.0
19,61,2.095,100.0
19,62,2.004,101.75
19,63,2.808,103.5
19,64,2.516,104.5
19,65,2.5,105.5
19,66,2.336,106.25
19,67,2.192,104.0
19,68,2.608,106.5
19,69,2.187,108.5
99,1,0.992,33.5
99,2,1.294,35.0
99,3,0.888,35.25
99,4,0.879,36.125
99,5,1.343,35.5
99,6,1.379,37.0
99,7,1.635,37.5
99,8,1.78,38.75
99,9,1.658,39.0
99,10,1.526,40.5
99,11,1.523,41.5
99,12,1.534,42.5
99,13,1.634,43.708
99,14,1.769,45.0
99,15,1.521,46.25
99,16,1.619,47.0
99,17,1.79,47.75
99,18,1.939,48.5
99,19,1.901,49.5
99,20,1.492,50.75
99,21,1.558,51.0
99,22,1.785,52.0
99,23,2.096,52.0
99,24,1.516,53.5
99,25,2.073,54.5
99,26,2.021,55.0
99,27,1.789,56.0
99,28,2.052,57.5
99,29,2.113,58.25
99,30,2.078,59.5
99,31,2.014,60.5
99,32,1.969,60.5
99,33,2.096,62.0
99,34,2.089,62.5
99,35,2.458,64.5
99,36,2.138,64.0
99,37,1.906,65.5
99,38,2.242,66.5
99,39,2.317,68.0
99,40,2.029,68.0
99,41,2.138,68.0
99,42,2.577,71.0
99,43,2.612,71.5
99,44,2.207,72.5
99,45,2.13,73.5
99,46,2.445,74.0
99,47,1.677,75.5
99,48,1.917,76.0
99,49,2.653,76.5
99,50,2.765,79.0
99,51,3.122,80.0
99,52,2.446,81.0
99,53,2.615,82.25
99,54,2.405,83.0
99,55,2.208,83.0
99,56,2.036,83.875
99,57,2.478,85.0
99,58,1.664,85.5
99,59,2.01,85.875
99,60,1.922,86.75
99,61,2.32,88.75
99,62,2.731,91.0
99,63,2.551,92.25
99,64,2.232,91.0
99,65,1.756,92.25
99,66,1.647,92.5
99,67,1.711,93.0
99,68,1.709,94.5
99,69,1.68,94.5
29,1,1.274,42.25
29,2,1.113,45.0
29,3,0.324,46.25
29,4,1.349,42.5
29,5,1.084,43.75
29,6,1.611,45.0
29,7,1.77,46.25
29,8,1.657,48.0
29,9,1.988,50.5
29,10,1.694,49.5
29,11,1.155,50.5
29,12,1.147,51.5
29,13,1.706,53.096
29,14,1.807,54.0
29,15,1.93,54.5
29,16,2.288,56.25
29,17,1.879,58.5
29,18,2.002,59.5
29,19,1.431,61.5
29,20,2.438,61.5
29,21,1.519,61.5
29,22,2.022,62.25
29,23,1.771,64.5
29,24,1.885,65.5
29,25,2.03,65.5
29,26,1.965,67.0
29,27,1.969,68.0
29,28,1.587,68.25
29,29,1.922,68.25
29,30,2.088,69.5
29,31,2.27,70.75
29,32,1.86,71.75
29,33,2.56,73.5
29,34,2.369,74.0
29,35,1.909,74.5
29,36,2.121,74.5
29,37,2.386,75.0
29,38,2.455,77.375
29,39,2.496,77.5
29,40,2.66,78.5
29,41,2.9,79.5
29,42,2.642,81.0
29,43,2.139,82.5
29,44,2.45,82.0
29,45,3.005,84.5
29,46,2.542,85.5
29,47,2.565,87.5
29,48,2.997,89.0
29,49,2.937,88.5
29,50,2.937,91.5
29,51,3.128,90.5
29,52,2.493,93.25
29,53,3.308,95.0
29,54,3.052,95.5
29,55,2.671,96.5
29,56,2.299,97.882
29,57,3.289,99.5
29,58,2.919,100.5
29,59,2.572,102.0
29,60,2.551,100.5
29,61,2.994,103.75
29,62,2.877,105.5
29,63,2.839,107.5
29,64,3.438,106.5
29,65,2.64,108.75
29,66,2.104,108.5
29,67,1.659,109.603
29,68,2.508,110.625
29,69,2.341,111.5
37,1,1.095,38.0
37,2,1.316,36.875
37,3,0.799,39.75
37,4,1.859,40.5
37,5,1.32,42.5
37,6,1.514,42.5
37,7,1.584,43.5
37,8,1.271,45.0
37,9,1.283,45.0
37,10,1.107,44.0
37,11,1.364,46.0
37,12,1.356,46.5
37,13,1.565,48.364
37,14,1.833,49.5
37,15,1.838,50.75
37,16,1.718,51.5
37,17,1.866,53.0
37,18,1.998,54.0
37,19,1.783,54.5
37,20,1.867,55.0
37,21,1.891,56.0
37,22,1.812,57.0
37,23,1.555,57.5
37,24,1.841,57.5
37,25,1.884,58.5
37,26,2.268,59.0
37,27,2.208,60.5
37,28,2.285,62.25
37,29,2.157,64.0
37,30,2.572,64.5
37,31,1.767,65.25
37,32,2.364,66.5
37,33,2.46,68.5
37,34,2.305,69.0
37,35,2.689,70.0
37,36,1.876,70.0
37,37,2.489,70.5
37,38,2.335,72.5
37,39,2.552,73.5
37,40,2.209,74.5
37,41,2.432,75.0
37,42,1.889,75.0
37,43,3.216,77.25
37,44,2.773,78.75
37,45,2.782,80.5
37,46,2.859,81.0
37,47,2.907,82.5
37,48,2.632,83.0
37,49,2.693,85.0
37,50,3.39,87.0
37,51,3.226,89.0
37,52,3.195,89.0
37,53,2.949,91.75
37,54,3.605,92.0
37,55,2.666,92.25
37,56,2.922,93.5
37,57,3.124,94.5
37,58,2.412,95.25
37,59,3.322,96.25
37,60,2.902,98.75
37,61,3.118,99.0
37,62,2.722,100.25
37,63,3.837,102.5
37,64,2.926,104.5
37,65,2.82,103.5
37,66,1.468,102.5
37,67,1.261,102.751
37,68,1.484,102.75
37,69,1.242,103.0
55,1,0.801,35.75
55,2,1.1,36.5
55,3,0.837,38.0
55,4,0.744,38.527
55,5,1.121,39.0
55,6,1.646,40.0
55,7,1.944,41.75
55,8,2.155,42.0
55,9,1.702,43.75
55,10,2.398,45.0
55,11,1.836,45.75
55,12,2.114,47.5
55,13,2.136,48.524
55,14,2.292,49.5
55,15,2.235,51.0
55,16,2.164,52.5
55,17,2.17,53.5
55,18,2.392,54.5
55,19,1.928,55.75
55,20,2.67,57.0
55,21,2.319,58.0
55,22,2.457,59.0
55,23,2.202,59.5
55,24,2.439,60.75
55,25,2.497,62.25
55,26,2.811,63.25
55,27,2.531,65.25
55,28,2.325,65.25
55,29,2.656,67.5
55,30,2.771,69.5
55,31,2.776,71.0
55,32,2.368,72.0
55,33,2.763,73.25
55,34,3.01,73.5
55,35,2.81,75.0
55,36,3.031,77.0
55,37,1.97,78.25
55,38,2.904,78.5
55,39,2.828,79.25
55,40,3.115,81.25
55,41,1.78,80.5
55,42,3.191,83.0
55,43,2.026,84.0
55,44,2.919,84.5
55,45,3.255,87.5
55,46,2.346,86.5
55,47,2.986,88.5
55,48,3.476,90.5
55,49,3.019,91.75
55,50,2.999,92.75
55,51,3.385,93.0
55,52,3.066,95.0
55,53,3.053,95.75
55,54,3.134,98.0
55,55,2.622,98.5
55,56,2.255,98.5
55,57,2.424,99.0
55,58,3.121,101.0
55,59,1.759,102.0
55,60,2.897,102.0
55,61,3.073,105.0
55,62,2.733,107.5
55,63,2.355,108.0
55,64,2.963,107.5
55,65,1.786,108.0
55,66,1.287,108.022
55,67,1.364,108.557
55,68,1.685,108.5
55,69,1.923,108.0
94,1,0.695,34.75
94,2,1.041,36.0
94,3,0.92,37.0
94,4,1.16,36.5
94,5,1.114,37.5
94,6,1.544,38.5
94,7,1.483,39.5
94,8,1.747,40.875
94,9,1.714,41.75
94,10,1.255,42.75
94,11,1.875,42.75
94,12,1.862,44.5
94,13,1.808,45.894
94,14,2.108,47.0
94,15,1.858,49.0
94,16,1.662,49.25
94,17,2.12,50.5
94,18,1.985,51.0
94,19,1.634,52.0
94,20,1.807,53.25
94,21,1.81,54.0
94,22,2.034,55.5
94,23,1.89,55.0
94,24,2.017,56.25
94,25,2.085,57.5
94,26,2.031,58.75
94,27,1.862,59.75
94,28,2.245,61.5
94,29,2.051,62.0
94,30,2.116,62.5
94,31,2.378,64.0
94,32,2.028,65.0
94,33,2.213,66.0
94,34,2.048,67.5
94,35,2.137,68.0
94,36,1.906,67.625
94,37,2.104,69.25
94,38,2.499,69.625
94,39,1.68,71.25
94,40,1.767,72.0
94,41,1.167,71.0
94,42,2.75,72.5
94,43,2.548,74.5
94,44,2.411,76.0
94,45,1.895,77.5
94,46,3.513,78.5
94,47,2.342,80.25
94,48,2.698,81.0
94,49,2.181,81.0
94,50,2.415,81.5
94,51,2.453,83.0
94,52,2.343,83.5
94,53,2.892,84.25
94,54,2.015,85.5
94,55,2.404,86.5
94,56,2.281,87.0
94,57,2.256,87.5
94,58,2.093,88.0
94,59,2.311,89.25
94,60,2.759,91.0
94,61,1.896,91.25
94,62,2.698,93.5
94,63,2.444,93.5
94,64,2.225,93.5
94,65,2.105,95.0
94,66,1.644,95.0
94,67,1.589,95.804
94,68,1.687,95.5
94,69,1.851,97.0
25,1,1.534,33.5
25,2,1.277,33.5
25,3,1.189,33.75
25,4,0.787,34.875
25,5,1.344,34.0
25,6,1.409,35.5
25,7,1.693,36.5
25,8,1.377,37.0
25,9,2.096,38.0
25,10,1.538,39.0
25,11,2.165,40.0
25,12,2.099,42.0
25,13,1.99,43.093
25,14,2.225,45.0
25,15,2.107,45.5
25,16,1.88,47.0
25,17,2.084,48.0
25,18,2.029,49.0
25,19,1.826,50.0
25,20,1.869,51.0
25,21,2.043,52.0
25,22,1.921,53.5
25,23,1.98,53.5
25,24,1.803,54.5
25,25,1.922,55.0
25,26,1.849,56.0
25,27,1.92,57.5
25,28,2.091,58.5
25,29,1.986,60.0
25,30,1.954,60.0
25,31,2.333,60.5
25,32,2.184,62.0
25,33,2.239,63.0
25,34,2.15,64.5
25,35,2.598,66.0
25,36,2.424,67.0
25,37,1.581,67.5
25,38,1.78,67.0
25,39,2.744,68.5
25,40,2.207,70.25
25,41,2.415,70.75
25,42,2.677,73.0
25,43,2.646,74.0
25,44,2.985,76.0
25,45,2.84,77.375
25,46,2.696,79.0
25,47,2.883,79.0
25,48,2.722,81.0
25,49,2.778,81.0
25,50,2.546,82.0
25,51,2.833,82.5
25,52,2.502,84.0
25,53,2.432,85.0
25,54,2.684,86.0
25,55,2.487,87.0
25,56,2.425,88.0
25,57,2.459,87.5
25,58,1.987,88.5
25,59,2.108,88.25
25,60,1.97,89.75
25,61,2.624,91.25
25,62,2.282,92.0
25,63,2.473,93.5
25,64,2.788,95.5
25,65,2.295,95.0
25,66,2.038,96.5
25,67,1.682,97.504
25,68,3.152,98.5
25,69,2.21,99.25
32,1,1.455,39.5
32,2,1.568,40.25
32,3,0.856,41.0
32,4,0.683,41.739
32,5,1.382,41.5
32,6,1.571,42.5
32,7,1.794,44.0
32,8,2.268,46.0
32,9,1.992,47.5
32,10,1.888,48.5
32,11,2.247,50.0
32,12,1.794,51.25
32,13,2.108,52.344
32,14,2.197,53.5
32,15,2.343,54.5
32,16,2.294,56.0
32,17,1.826,58.0
32,18,2.604,59.0
32,19,2.075,60.0
32,20,1.931,60.0
32,21,2.085,62.0
32,22,1.854,62.25
32,23,1.803,63.5
32,24,1.773,63.5
32,25,2.075,63.5
32,26,1.923,66.25
32,27,2.254,67.5
32,28,2.403,68.0
32,29,2.319,68.5
32,30,2.263,69.5
32,31,2.323,71.5
32,32,2.473,72.0
32,33,2.369,74.0
32,34,2.504,74.0
32,35,2.603,74.5
32,36,2.081,75.5
32,37,2.728,76.75
32,38,2.647,77.25
32,39,2.801,78.25
32,40,2.459,80.5
32,41,2.546,79.25
32,42,2.378,81.25
32,43,3.239,81.5
32,44,2.213,83.5
32,45,2.916,84.75
32,46,3.474,87.5
32,47,2.313,87.0
32,48,3.313,88.0
32,49,2.713,89.5
32,50,3.688,90.5
32,51,3.272,92.75
32,52,2.988,93.0
32,53,3.413,94.5
32,54,3.115,96.5
32,55,2.632,97.0
32,56,3.148,98.5
32,57,3.489,100.0
32,58,2.668,101.25
32,59,2.763,100.0
32,60,2.19,100.5
32,61,2.935,101.5
32,62,2.664,103.75
32,63,2.903,105.5
32,64,3.138,106.5
32,65,2.583,105.75
32,66,3.058,108.5
32,67,1.811,106.5
32,68,2.751,107.75
32,69,3.185,110.0
11,1,0.912,39.0
11,2,1.317,40.0
11,3,0.743,40.5
11,4,0.825,40.803
11,5,1.126,41.0
11,6,1.076,41.5
11,7,0.704,42.0
11,8,1.526,42.5
11,9,1.955,45.0
11,10,1.777,45.5
11,11,2.116,47.0
11,12,2.251,49.0
11,13,2.046,49.822
11,14,1.839,51.75
11,15,2.821,52.5
11,16,1.803,53.5
11,17,2.324,54.75
11,18,1.862,56.0
11,19,1.855,56.5
11,20,2.395,58.5
11,21,2.237,58.5
11,22,2.419,60.0
11,23,2.593,61.0
11,24,1.969,63.0
11,25,2.55,64.0
11,26,2.388,64.5
11,27,2.552,65.5
11,28,2.478,67.0
11,29,2.667,67.5
11,30,2.426,69.25
11,31,2.316,70.0
11,32,2.367,71.0
11,33,2.582,72.25
11,34,2.778,73.5
11,35,2.681,74.5
11,36,2.506,75.0
11,37,2.905,77.5
11,38,2.326,77.5
11,39,2.372,79.0
11,40,2.65,80.5
11,41,2.573,81.0
11,42,2.807,81.5
11,43,2.552,84.5
11,44,2.871,85.0
11,45,2.753,84.5
11,46,2.095,88.5
11,47,3.215,88.5
11,48,2.644,90.5
11,49,2.567,90.75
11,50,2.361,90.5
11,51,1.93,92.0
11,52,2.113,90.25
11,53,1.985,91.5
11,54,2.747,91.0
11,55,2.747,95.5
11,56,2.792,96.0
11,57,2.486,97.5
11,58,2.333,96.25
11,59,2.82,98.5
11,60,2.848,100.0
11,61,2.726,100.5
11,62,2.736,102.5
11,63,3.26,103.5
11,64,3.296,105.5
11,65,3.319,104.5
11,66,1.499,106.5
11,67,2.119,101.5
11,68,2.475,106.5
11,69,2.74,109.0
47,1,0.046,28.75
47,2,0.955,30.5
47,3,0.578,31.0
47,4,0.644,32.25
47,5,0.887,32.0
47,6,1.155,32.5
47,7,0.206,32.75
47,8,1.05,33.0
47,9,1.272,35.25
47,10,1.082,35.5
47,11,1.435,36.0
47,12,1.441,37.0
47,13,1.555,38.619
47,14,1.942,39.5
47,15,1.797,41.0
47,16,1.641,41.75
47,17,2.013,43.25
47,18,1.912,44.5
47,19,2.157,45.0
47,20,1.689,46.5
47,21,2.262,48.0
47,22,1.575,48.5
47,23,1.701,48.5
47,24,1.96,50.0
47,25,1.776,51.0
47,26,1.753,51.5
47,27,1.467,52.0
47,28,1.458,52.75
47,29,1.791,54.5
47,30,2.019,55.5
47,31,1.706,56.0
47,32,2.024,57.0
47,33,1.961,58.0
47,34,2.135,58.75
47,35,2.43,59.75
47,36,1.402,60.75
47,37,2.383,61.5
47,38,2.393,62.75
47,39,2.084,64.0
47,40,2.657,65.5
47,41,1.937,65.5
47,42,2.241,67.75
47,43,2.299,68.5
47,44,2.299,69.5
47,45,2.203,70.75
47,46,1.979,71.0
47,47,2.46,72.5
47,48,2.032,73.25
47,49,2.327,75.25
47,50,2.14,76.0
47,51,2.542,77.25
47,52,2.523,77.75
47,53,2.386,78.5
47,54,2.599,81.0
47,55,2.305,81.25
47,56,2.241,82.5
47,57,2.246,84.0
47,58,2.694,85.0
47,59,1.635,83.0
47,60,2.078,85.5
47,61,2.04,86.25
47,62,2.45,88.0
47,63,2.439,89.5
47,64,2.202,89.5
47,65,2.912,90.5
47,66,1.443,91.5
47,67,2.179,92.674
47,68,2.338,93.0
47,69,1.949,95.0
43,1,1.136,27.75
43,2,0.855,28.0
43,3,0.591,28.0
43,4,1.071,29.0
43,5,1.201,29.5
43,6,0.823,30.0
43,7,1.338,30.5
43,8,1.359,31.5
43,9,1.144,32.0
43,10,1.691,33.0
43,11,1.28,34.0
43,12,1.235,35.0
43,13,1.485,35.818
43,14,1.455,36.5
43,15,1.987,37.5
43,16,1.414,38.5
43,17,1.79,40.0
43,18,1.352,40.5
43,19,1.693,41.5
43,20,1.746,42.0
43,21,1.833,44.0
43,22,2.033,45.5
43,23,1.765,46.0
43,24,1.711,47.0
43,25,2.017,48.0
43,26,1.749,49.0
43,27,1.576,49.5
43,28,2.143,50.0
43,29,1.812,51.0
43,30,1.824,52.0
43,31,1.885,52.625
43,32,1.726,53.0
43,33,2.185,54.5
43,34,1.89,55.0
43,35,2.169,57.0
43,36,1.777,58.0
43,37,1.882,58.25
43,38,2.114,58.75
43,39,2.39,60.0
43,40,1.867,61.0
43,41,1.908,61.5
43,42,2.443,62.5
43,43,2.284,64.0
43,44,2.063,65.0
43,45,2.539,66.5
43,46,2.325,67.0
43,47,2.762,69.5
43,48,2.078,70.5
43,49,2.279,71.0
43,50,2.888,72.0
43,51,2.503,73.5
43,52,2.711,75.0
43,53,2.234,75.5
43,54,2.432,77.0
43,55,2.896,78.25
43,56,2.521,78.5
43,57,2.505,80.5
43,58,2.15,80.0
43,59,2.775,81.0
43,60,2.394,82.5
43,61,2.599,84.0
43,62,2.541,84.5
43,63,2.691,86.0
43,64,2.898,88.0
43,65,2.049,88.25
43,66,2.09,88.5
43,67,1.878,87.5
43,68,2.482,91.0
43,69,2.702,91.5
65,1,1.223,34.0
65,2,1.002,34.5
65,3,0.863,35.5
65,4,1.164,36.5
65,5,1.149,36.0
65,6,1.595,37.125
65,7,1.424,38.5
65,8,1.529,38.5
65,9,1.777,40.25
65,10,1.564,41.5
65,11,1.995,42.0
65,12,1.596,43.5
65,13,1.669,44.367
65,14,1.576,45.5
65,15,1.539,46.5
65,16,1.571,47.5
65,17,1.742,48.25
65,18,1.881,49.5
65,19,2.056,50.75
65,20,1.847,52.0
65,21,2.153,52.75
65,22,1.992,54.0
65,23,2.049,54.5
65,24,1.943,55.25
65,25,2.131,56.0
65,26,2.162,57.5
65,27,2.018,58.0
65,28,1.962,59.5
65,29,2.126,60.0
65,30,2.144,60.5
65,31,2.236,62.0
65,32,2.429,63.5
65,33,2.067,64.0
65,34,2.483,66.0
65,35,2.397,66.0
65,36,2.213,67.5
65,37,2.154,67.5
65,38,2.151,68.5
65,39,2.62,69.75
65,40,2.184,71.0
65,41,2.11,70.5
65,42,2.208,72.0
65,43,2.438,72.75
65,44,2.361,74.5
65,45,2.405,75.0
65,46,2.583,77.0
65,47,3.189,78.5
65,48,2.955,79.5
65,49,2.295,81.25
65,50,2.999,82.0
65,51,2.387,84.0
65,52,2.64,83.5
65,53,3.191,84.25
65,54,2.981,86.5
65,55,2.494,88.5
65,56,3.173,89.0
65,57,2.335,90.0
65,58,2.663,90.5
65,59,2.3,91.0
65,60,2.594,92.25
65,61,2.438,93.0
65,62,2.489,94.5
65,63,2.829,95.5
65,64,2.529,96.5
65,65,2.212,96.0
65,66,1.951,96.5
65,67,2.136,97.0
65,68,2.17,99.0
65,69,2.111,99.0
84,1,1.357,32.0
84,2,0.927,32.75
84,3,1.468,34.0
84,4,1.146,35.0
84,5,1.52,35.0
84,6,1.812,36.5
84,7,1.78,37.5
84,8,1.223,38.0
84,9,2.122,38.5
84,10,1.858,40.5
84,11,1.048,40.5
84,12,1.683,41.75
84,13,1.59,43.244
84,14,1.501,45.0
84,15,1.839,46.0
84,16,1.499,46.5
84,17,1.727,47.5
84,18,1.117,47.5
84,19,1.383,48.75
84,20,1.905,49.5
84,21,1.877,49.5
84,22,1.403,51.25
84,23,1.807,52.5
84,24,1.985,53.0
84,25,1.842,53.5
84,26,1.886,54.5
84,27,1.972,55.5
84,28,1.94,56.0
84,29,1.873,57.5
84,30,1.765,58.5
84,31,2.229,59.5
84,32,2.751,61.5
84,33,2.177,61.5
84,34,2.291,63.25
84,35,2.175,64.25
84,36,2.457,64.5
84,37,2.551,65.25
84,38,2.542,66.125
84,39,1.967,67.0
84,40,2.863,68.5
84,41,2.152,69.5
84,42,2.08,71.0
84,43,2.467,71.5
84,44,3.078,72.5
84,45,2.043,73.5
84,46,2.751,74.5
84,47,2.399,76.0
84,48,2.195,77.0
84,49,2.458,77.0
84,50,2.827,79.25
84,51,2.601,80.5
84,52,2.806,81.5
84,53,1.979,82.25
84,54,3.242,84.0
84,55,2.244,84.5
84,56,2.831,86.25
84,57,2.027,86.25
84,58,2.388,87.75
84,59,1.526,88.0
84,60,2.329,89.0
84,61,2.564,90.0
84,62,2.224,92.0
84,63,2.786,92.0
84,64,2.144,92.75
84,65,2.956,93.5
84,66,1.367,93.5
84,67,1.239,94.663
84,68,2.308,95.0
84,69,1.975,96.087
87,1,1.281,34.5
87,2,1.547,36.25
87,3,0.558,36.5
87,4,0.83,37.5
87,5,1.675,37.5
87,6,1.591,39.5
87,7,1.387,39.75
87,8,1.929,40.5
87,9,1.987,42.0
87,10,1.838,43.5
87,11,1.968,44.0
87,12,1.951,45.5
87,13,1.527,45.613
87,14,0.882,46.5
87,15,1.153,47.0
87,16,0.805,48.25
87,17,1.692,48.5
87,18,1.577,49.5
87,19,1.573,50.5
87,20,1.78,51.5
87,21,2.053,52.0
87,22,2.153,53.5
87,23,2.205,55.0
87,24,2.062,56.0
87,25,2.248,56.5
87,26,2.259,57.5
87,27,2.0,58.75
87,28,2.024,59.5
87,29,2.01,60.0
87,30,2.399,61.25
87,31,2.395,62.75
87,32,2.173,63.0
87,33,2.356,64.5
87,34,2.636,65.5
87,35,2.081,66.25
87,36,2.426,67.25
87,37,2.229,66.5
87,38,2.152,68.0
87,39,2.249,69.0
87,40,2.436,70.0
87,41,2.16,69.0
87,42,2.504,71.5
87,43,2.55,73.0
87,44,2.275,73.0
87,45,2.623,76.25
87,46,2.604,76.0
87,47,2.468,78.0
87,48,2.066,78.5
87,49,2.557,80.25
87,50,2.599,81.5
87,51,2.284,81.5
87,52,2.34,83.0
87,53,2.784,84.25
87,54,2.402,85.0
87,55,2.418,86.5
87,56,2.516,87.5
87,57,2.314,88.0
87,58,1.576,88.5
87,59,2.198,89.25
87,60,2.274,90.5
87,61,2.727,90.75
87,62,2.643,92.0
87,63,2.191,92.0
87,64,2.651,92.75
87,65,1.812,93.75
87,66,2.229,94.75
87,67,1.777,94.5
87,68,2.381,96.5
87,69,2.342,97.25
75,1,1.209,32.0
75,2,1.558,34.75
75,3,1.564,36.5
75,4,1.279,37.0
75,5,1.569,38.0
75,6,1.575,38.5
75,7,1.823,40.0
75,8,1.409,40.5
75,9,1.443,41.0
75,10,1.828,42.0
75,11,1.901,43.0
75,12,1.844,44.0
75,13,2.066,46.0
75,14,1.891,47.0
75,15,2.135,49.0
75,16,2.143,50.5
75,17,2.016,51.0
75,18,2.364,51.0
75,19,2.142,52.5
75,20,2.246,53.5
75,21,2.115,54.25
75,22,2.191,55.5
75,23,1.648,54.5
75,24,2.536,56.75
75,25,2.241,58.0
75,26,2.19,59.75
75,27,2.221,60.5
75,28,2.464,62.0
75,29,2.251,62.5
75,30,2.228,64.0
75,31,2.185,64.5
75,32,2.553,65.75
75,33,2.13,67.0
75,34,2.311,67.75
75,35,2.201,68.5
75,36,1.804,70.25
75,37,2.709,71.5
75,38,2.144,72.0
75,39,2.194,73.0
75,40,1.995,74.0
75,41,2.643,75.25
75,42,2.315,76.875
75,43,1.795,77.0
75,44,2.235,78.75
75,45,2.204,79.0
75,46,2.219,79.75
75,47,2.166,80.5
75,48,1.962,81.875
75,49,2.639,83.125
75,50,1.989,84.75
75,51,2.874,85.5
75,52,2.169,87.25
75,53,3.342,87.75
75,54,1.857,88.75
75,55,3.115,90.0
75,56,2.981,90.5
75,57,2.256,91.0
75,58,2.738,93.0
75,59,2.954,93.5
75,60,2.396,95.25
75,61,2.993,97.0
75,62,3.592,98.5
75,63,2.14,98.0
75,64,2.516,98.25
75,65,3.14,100.75
75,66,2.365,101.0
75,67,3.298,102.0
75,68,2.255,103.0
75,69,2.839,104.0
75,70,3.193,105.0
75,71,3.139,106.5
75,72,2.607,106.0
75,73,3.079,108.0
75,74,2.832,108.5
75,75,3.428,110.5
75,76,3.01,112.5
78,1,1.735,36.0
78,2,1.809,38.0
78,3,1.37,39.0
78,4,1.38,38.75
78,5,1.587,39.5
78,6,1.514,40.5
78,7,1.708,41.5
78,8,1.714,42.25
78,9,1.62,43.0
78,10,1.924,44.0
78,11,1.848,45.5
78,12,1.689,46.25
78,13,2.04,46.75
78,14,1.95,48.5
78,15,1.94,49.5
78,16,1.445,49.0
78,17,1.485,49.25
78,18,1.866,50.5
78,19,1.666,51.0
78,20,1.725,52.0
78,21,2.113,53.5
78,22,1.469,54.0
78,23,1.676,54.5
78,24,1.99,55.0
78,25,2.0,57.0
78,26,1.78,58.5
78,27,2.057,58.75
78,28,1.852,59.5
78,29,1.936,60.0
78,30,2.273,61.0
78,31,1.704,62.5
78,32,2.441,63.5
78,33,1.852,64.0
78,34,1.612,65.0
78,35,2.025,65.25
78,36,2.252,67.0
78,37,1.507,68.25
78,38,1.731,67.75
78,39,2.091,69.0
78,40,2.747,70.5
78,41,2.634,72.5
78,42,1.933,73.0
78,43,2.537,74.5
78,44,1.569,73.75
78,45,2.041,75.75
78,46,2.105,76.75
78,47,2.026,77.5
78,48,1.525,78.0
78,49,2.042,79.041
78,50,2.115,80.5
78,51,1.635,80.0
78,52,2.214,81.5
78,53,2.221,83.0
78,54,1.641,82.5
78,55,2.27,85.0
78,56,2.218,84.0
78,57,2.129,84.5
78,58,1.832,87.5
78,59,1.93,88.0
78,60,2.5,88.0
78,61,1.723,88.944
78,62,1.943,89.0
78,63,1.527,89.5
78,64,2.597,92.0
78,65,2.78,91.75
78,66,2.295,94.5
78,67,2.541,96.5
78,68,1.963,95.5
78,69,1.928,97.0
78,70,2.037,95.781
78,71,0.662,92.75
78,72,1.286,94.5
78,73,2.13,96.5
78,74,2.773,99.5
78,75,1.686,99.5
78,76,3.754,102.0
82,1,1.622,38.0
82,2,1.493,38.0
82,3,1.603,40.0
82,4,1.642,41.0
82,5,1.607,41.0
82,6,1.764,42.5
82,7,1.676,43.5
82,8,1.614,44.0
82,9,1.28,45.0
82,10,1.362,46.0
82,11,1.907,47.5
82,12,1.59,49.0
82,13,1.444,50.25
82,14,1.901,51.5
82,15,1.468,51.0
82,16,1.538,52.5
82,17,1.462,52.5
82,18,1.459,52.5
82,19,1.233,53.5
82,20,1.308,54.0
82,21,1.704,54.75
82,22,1.87,57.0
82,23,1.722,57.0
82,24,2.033,57.5
82,25,1.838,58.25
82,26,1.835,59.5
82,27,1.798,60.0
82,28,1.966,62.0
82,29,1.98,62.0
82,30,1.789,64.25
82,31,1.883,64.5
82,32,2.168,65.5
82,33,2.119,66.0
82,34,2.011,67.0
82,35,1.677,68.0
82,36,1.533,68.75
82,37,2.157,69.75
82,38,1.773,70.5
82,39,2.108,71.5
82,40,1.969,72.25
82,41,1.999,74.0
82,42,2.021,73.5
82,43,2.007,76.0
82,44,1.968,75.5
82,45,1.613,76.5
82,46,1.835,77.0
82,47,1.56,77.0
82,48,1.613,77.5
82,49,1.382,78.5
82,50,2.123,80.0
82,51,2.266,81.25
82,52,2.431,83.5
82,53,2.353,84.0
82,54,2.121,86.0
82,55,2.19,85.0
82,56,2.308,87.5
82,57,2.567,88.75
82,58,2.209,88.0
82,59,2.222,89.625
82,60,2.589,90.5
82,61,2.373,91.5
82,62,1.731,93.0
82,63,2.273,93.0
82,64,1.96,94.0
82,65,1.702,93.75
82,66,2.047,96.0
82,67,2.723,97.0
82,68,1.91,98.0
82,69,2.483,98.0
82,70,1.881,99.5
82,71,2.439,100.5
82,72,3.07,101.5
82,73,2.757,102.5
82,74,1.997,105.5
82,75,2.77,104.5
82,76,1.451,107.0
10,1,1.175,34.0
10,2,1.272,36.25
10,3,1.31,36.5
10,4,1.657,38.0
10,5,1.389,38.5
10,6,1.753,39.5
10,7,1.596,40.0
10,8,1.683,41.75
10,9,1.642,41.5
10,10,1.743,42.5
10,11,1.761,43.75
10,12,2.256,46.5
10,13,2.09,47.0
10,14,2.014,48.0
10,15,1.667,48.0
10,16,1.939,49.5
10,17,2.193,50.5
10,18,1.881,51.0
10,19,2.324,52.5
10,20,2.069,53.5
10,21,2.192,55.0
10,22,1.77,55.75
10,23,1.09,56.0
10,24,2.475,55.5
10,25,2.296,59.0
10,26,2.674,60.5
10,27,2.268,62.25
10,28,1.961,62.5
10,29,2.175,63.0
10,30,2.042,64.5
10,31,2.305,65.5
10,32,2.079,66.5
10,33,1.945,67.5
10,34,2.369,68.0
10,35,2.254,69.0
10,36,2.282,70.0
10,37,1.954,71.5
10,38,1.931,72.0
10,39,2.405,72.75
10,40,2.346,73.5
10,41,1.889,75.5
10,42,2.553,75.5
10,43,1.89,76.75
10,44,2.55,77.0
10,45,1.923,77.5
10,46,1.609,78.5
10,47,2.217,80.0
10,48,1.853,81.0
10,49,0.999,79.5
10,50,1.178,79.5
10,51,1.26,80.0
10,52,2.401,81.0
10,53,2.265,83.0
10,54,2.461,84.0
10,55,1.911,84.5
10,56,2.158,85.5
10,57,2.372,85.75
10,58,1.727,86.5
10,59,2.533,89.0
10,60,2.05,88.5
10,61,2.607,90.5
10,62,2.638,91.5
10,63,2.302,93.0
10,64,2.231,94.0
10,65,3.276,94.5
10,66,1.605,95.5
10,67,2.574,95.0
10,68,1.545,95.5
10,69,2.656,97.75
10,70,3.069,100.0
10,71,2.133,98.5
10,72,2.676,102.0
10,73,3.308,104.5
10,74,1.999,103.5
10,75,2.923,103.75
10,76,3.055,106.0
58,1,0.654,29.0
58,2,1.22,30.5
58,3,1.227,31.5
58,4,1.292,32.0
58,5,1.115,31.5
58,6,1.867,34.0
58,7,1.24,35.0
58,8,1.715,35.5
58,9,1.606,36.0
58,10,1.448,37.0
58,11,1.622,38.75
58,12,1.491,39.0
58,13,1.46,39.5
58,14,1.435,41.0
58,15,1.492,41.0
58,16,1.525,43.75
58,17,1.485,43.25
58,18,1.994,43.5
58,19,2.152,45.75
58,20,1.958,45.75
58,21,1.713,47.5
58,22,2.607,48.5
58,23,1.62,49.0
58,24,2.101,48.0
58,25,2.424,51.5
58,26,2.253,52.0
58,27,2.241,53.75
58,28,2.429,55.5
58,29,2.079,56.625
58,30,2.386,57.75
58,31,2.589,59.0
58,32,2.332,60.0
58,33,2.158,62.0
58,34,2.322,62.0
58,35,2.248,62.5
58,36,1.835,63.5
58,37,2.566,64.5
58,38,2.63,66.25
58,39,1.968,68.0
58,40,2.661,69.75
58,41,2.209,70.0
58,42,2.266,69.0
58,43,1.973,70.5
58,44,2.525,71.5
58,45,2.742,73.0
58,46,2.85,74.75
58,47,2.301,76.0
58,48,2.262,77.5
58,49,2.519,77.5
58,50,2.408,79.0
58,51,2.119,80.5
58,52,1.919,81.5
58,53,1.965,81.5
58,54,1.894,81.75
58,55,2.233,82.5
58,56,1.823,83.25
58,57,2.834,84.75
58,58,1.854,86.25
58,59,2.833,87.75
58,60,2.42,87.75
58,61,2.249,89.0
58,62,2.928,91.0
58,63,2.528,91.0
58,64,3.104,92.5
58,65,2.604,93.0
58,66,2.956,96.0
58,67,2.154,96.0
58,68,3.078,97.219
58,69,3.162,99.0
58,70,2.004,100.0
58,71,2.923,99.0
58,72,2.348,101.5
58,73,3.637,103.5
58,74,1.62,104.75
58,75,3.431,104.5
58,76,2.774,107.0
20,1,0.683,27.0
20,2,1.383,28.0
20,3,1.193,29.0
20,4,1.293,29.5
20,5,1.688,30.5
20,6,1.551,31.25
20,7,1.742,32.5
20,8,1.73,34.5
20,9,2.042,35.0
20,10,1.484,36.5
20,11,1.618,36.5
20,12,1.813,38.125
20,13,1.557,39.0
20,14,1.892,40.0
20,15,2.131,41.0
20,16,1.653,42.5
20,17,2.033,43.5
20,18,1.922,43.875
20,19,2.114,45.0
20,20,2.45,45.5
20,21,2.47,46.5
20,22,2.208,48.0
20,23,2.124,48.0
20,24,2.411,48.5
20,25,2.217,49.5
20,26,2.522,52.0
20,27,2.567,53.0
20,28,2.572,54.0
20,29,2.232,54.5
20,30,2.996,56.5
20,31,2.533,57.5
20,32,2.889,59.0
20,33,2.433,60.5
20,34,2.696,60.5
20,35,2.089,61.0
20,36,2.199,62.0
20,37,2.253,63.0
20,38,2.437,64.5
20,39,2.383,65.5
20,40,1.975,66.75
20,41,3.136,67.0
20,42,2.901,69.5
20,43,2.797,70.0
20,44,2.487,71.5
20,45,3.019,72.25
20,46,2.954,74.25
20,47,2.717,74.75
20,48,2.823,75.5
20,49,3.01,76.5
20,50,2.937,77.5
20,51,2.594,79.0
20,52,3.665,81.0
20,53,3.589,82.5
20,54,3.677,84.25
20,55,3.939,86.0
20,56,2.61,85.75
20,57,3.483,87.5
20,58,3.748,89.0
20,59,3.537,90.0
20,60,3.141,90.25
20,61,3.747,93.5
20,62,3.962,94.0
20,63,2.827,94.375
20,64,3.746,94.5
20,65,3.596,96.5
20,66,3.069,97.75
20,67,3.627,99.5
20,68,3.808,99.5
20,69,3.791,101.75
20,70,2.39,100.5
20,71,4.831,103.5
20,72,3.177,104.0
20,73,3.134,104.75
20,74,2.414,104.0
20,75,3.752,106.375
20,76,3.975,110.0
31,1,1.58,33.25
31,2,1.321,35.5
31,3,1.439,35.5
31,4,1.598,36.5
31,5,1.391,37.5
31,6,1.864,38.0
31,7,1.454,39.0
31,8,1.502,40.5
31,9,1.712,41.0
31,10,1.694,42.0
31,11,1.769,42.5
31,12,1.654,44.0
31,13,1.567,44.25
31,14,2.021,45.5
31,15,1.612,47.0
31,16,2.111,47.0
31,17,1.513,48.0
31,18,1.645,48.25
31,19,1.706,49.0
31,20,1.726,50.5
31,21,2.214,51.0
31,22,1.821,52.0
31,23,1.94,53.0
31,24,1.84,54.25
31,25,2.172,55.0
31,26,2.025,55.0
31,27,2.069,57.5
31,28,2.238,58.0
31,29,2.117,59.125
31,30,2.591,59.5
31,31,1.899,61.0
31,32,2.297,62.0
31,33,1.359,62.0
31,34,2.123,63.5
31,35,1.956,64.0
31,36,2.403,65.5
31,37,2.196,66.5
31,38,2.258,69.0
31,39,2.058,68.5
31,40,2.403,69.75
31,41,2.066,71.5
31,42,2.209,71.5
31,43,2.576,73.0
31,44,2.067,73.5
31,45,2.007,74.0
31,46,1.868,74.25
31,47,1.679,74.5
31,48,1.653,76.0
31,49,1.968,76.5
31,50,1.975,77.5
31,51,2.123,78.0
31,52,2.488,79.0
31,53,2.19,81.0
31,54,2.256,81.5
31,55,2.56,83.0
31,56,2.581,83.0
31,57,2.282,85.25
31,58,2.614,86.0
31,59,2.022,86.75
31,60,2.73,88.0
31,61,2.559,89.0
31,62,2.183,89.5
31,63,2.886,91.25
31,64,2.216,92.25
31,65,2.866,92.5
31,66,2.23,94.25
31,67,2.556,95.0
31,68,3.157,97.0
31,69,2.494,98.5
31,70,2.634,98.75
31,71,2.678,100.5
31,72,3.02,101.5
31,73,3.182,102.125
31,74,3.199,105.5
31,75,3.496,106.0
31,76,3.133,108.0
5,1,0.676,33.133
5,2,1.209,34.5
5,3,1.147,34.75
5,4,1.747,36.0
5,5,1.178,37.0
5,6,1.942,37.0
5,7,1.439,38.5
5,8,1.767,39.25
5,9,1.751,40.5
5,10,1.937,41.5
5,11,1.858,42.5
5,12,1.543,44.0
5,13,1.926,44.25
5,14,1.419,45.0
5,15,1.651,47.0
5,16,2.121,47.5
5,17,1.746,49.0
5,18,1.858,49.375
5,19,1.525,49.75
5,20,1.579,51.0
5,21,1.639,51.5
5,22,2.324,52.25
5,23,1.622,53.5
5,24,1.776,53.5
5,25,2.159,54.5
5,26,2.337,55.5
5,27,2.027,57.0
5,28,2.105,58.5
5,29,2.065,59.0
5,30,1.843,60.0
5,31,2.436,61.0
5,32,2.419,62.5
5,33,2.066,63.5
5,34,2.188,64.25
5,35,2.024,65.0
5,36,2.486,66.75
5,37,2.38,66.5
5,38,2.151,68.5
5,39,2.103,69.5
5,40,2.132,71.5
5,41,2.154,71.25
5,42,1.762,73.0
5,43,2.092,72.75
5,44,1.993,73.0
5,45,2.208,73.0
5,46,1.933,75.25
5,47,1.597,76.0
5,48,2.067,76.0
5,49,2.509,77.0
5,50,2.28,77.25
5,51,2.456,78.75
5,52,2.144,79.5
5,53,2.228,80.5
5,54,2.156,81.125
5,55,2.512,82.5
5,56,2.534,84.5
5,57,2.586,85.0
5,58,2.645,86.5
5,59,2.578,88.5
5,60,2.645,90.0
5,61,2.965,91.0
5,62,2.804,92.5
5,63,2.515,92.75
5,64,2.931,93.5
5,65,2.685,94.75
5,66,2.622,95.5
5,67,2.902,97.0
5,68,2.889,97.5
5,69,3.202,100.5
5,70,3.201,102.0
5,71,3.206,103.5
5,72,2.902,104.0
5,73,3.457,105.75
5,74,2.919,107.0
5,75,3.336,107.5
5,76,3.734,111.0
1,1,1.495,23.752
1,2,1.247,26.5
1,3,1.01,25.0
1,4,1.463,27.25
1,5,1.88,29.0
1,6,1.766,30.75
1,7,1.99,30.75
1,8,1.574,32.831
1,9,1.935,34.5
1,10,1.549,33.625
1,11,2.132,36.875
1,12,1.829,35.0
1,13,2.009,45.0
1,14,1.572,46.25
1,15,2.022,46.5
1,16,2.086,48.5
1,17,2.127,49.75
1,18,2.158,45.75
1,19,2.077,52.0
1,20,2.224,51.75
1,21,1.817,50.0
1,22,1.91,54.25
1,23,1.845,53.75
1,24,2.225,54.5
1,25,2.258,56.5
1,26,1.952,57.875
1,27,2.048,59.0
1,28,2.172,59.5
1,29,2.145,60.25
1,30,2.286,61.5
1,31,2.131,62.75
1,32,2.296,64.0
1,33,2.291,65.0
1,34,2.081,65.5
1,35,2.232,64.5
1,36,2.129,66.5
1,37,2.198,68.5
1,38,2.15,69.25
1,39,2.056,70.0
1,40,2.375,70.5
1,41,1.981,70.0
1,42,1.781,71.75
1,43,1.569,71.0
1,44,1.967,73.0
1,45,1.923,74.0
1,46,1.996,74.25
1,47,1.848,74.0
1,48,1.673,73.5
1,49,2.503,75.0
1,50,2.087,77.375
1,51,2.674,80.0
1,52,2.866,80.5
1,53,2.542,81.5
1,54,2.92,82.0
1,55,2.93,84.0
1,56,2.657,84.5
1,57,2.999,85.5
1,58,2.791,86.5
1,59,2.907,88.0
1,60,2.889,89.25
1,61,2.408,90.0
1,62,3.094,91.0
1,63,2.69,91.5
1,64,0.326,90.747
1,65,2.272,89.0
1,66,1.815,90.25
1,67,2.318,91.125
1,68,2.914,93.5
1,69,2.852,95.25
1,70,2.928,96.5
1,71,2.907,97.5
1,72,3.176,98.0
1,73,3.26,98.25
1,74,2.612,100.25
1,75,2.978,101.5
1,76,3.262,103.0
35,1,1.445,32.5
35,2,1.212,35.0
35,3,0.771,35.0
35,4,1.403,35.5
35,5,1.555,36.5
35,6,1.488,38.0
35,7,2.002,39.5
35,8,1.405,40.5
35,9,1.625,40.5
35,10,1.511,41.5
35,11,1.601,41.75
35,12,1.887,43.5
35,13,1.807,45.0
35,14,2.058,45.5
35,15,2.124,47.0
35,16,1.842,47.75
35,17,1.483,48.5
35,18,1.461,49.25
35,19,1.629,50.0
35,20,1.946,50.5
35,21,2.012,52.0
35,22,1.505,52.0
35,23,2.218,52.5
35,24,1.483,52.5
35,25,2.047,54.0
35,26,1.943,56.0
35,27,1.694,55.25
35,28,1.823,56.5
35,29,1.973,57.25
35,30,1.942,58.5
35,31,2.176,59.25
35,32,1.822,59.75
35,33,1.998,61.0
35,34,2.318,62.0
35,35,1.847,62.5
35,36,2.442,63.5
35,37,2.36,65.5
35,38,1.714,66.5
35,39,1.905,67.0
35,40,1.635,67.5
35,41,2.922,69.0
35,42,2.249,69.75
35,43,1.916,71.25
35,44,2.37,72.5
35,45,2.401,73.25
35,46,2.194,74.5
35,47,2.396,75.5
35,48,2.682,76.0
35,49,2.446,77.25
35,50,2.506,77.5
35,51,2.842,79.0
35,52,2.721,81.0
35,53,2.798,82.0
35,54,2.352,83.0
35,55,2.772,84.0
35,56,3.044,85.25
35,57,2.657,85.75
35,58,3.283,87.5
35,59,2.567,88.5
35,60,3.303,89.0
35,61,2.348,90.0
35,62,2.735,90.5
35,63,2.933,91.5
35,64,2.888,92.0
35,65,2.697,93.25
35,66,3.129,95.5
35,67,2.361,95.25
35,68,2.875,96.0
35,69,3.215,97.5
35,70,2.643,98.5
35,71,3.364,99.0
35,72,2.586,100.0
35,73,3.138,101.75
35,74,2.704,103.0
35,75,4.252,105.0
35,76,3.745,107.25
21,1,1.127,32.0
21,2,1.313,32.5
21,3,0.987,33.5
21,4,1.347,33.0
21,5,1.136,34.0
21,6,1.274,34.5
21,7,1.303,35.25
21,8,1.416,35.25
21,9,1.738,36.5
21,10,1.543,37.5
21,11,1.728,38.0
21,12,1.546,39.75
21,13,1.696,40.0
21,14,1.75,41.5
21,15,1.719,42.0
21,16,1.84,43.75
21,17,1.485,43.5
21,18,1.564,44.25
21,19,1.988,45.5
21,20,1.916,46.25
21,21,1.537,46.25
21,22,1.819,48.75
21,23,1.546,49.25
21,24,0.855,49.0
21,25,2.436,51.0
21,26,2.16,52.5
21,27,2.199,53.5
21,28,2.246,54.75
21,29,2.451,56.5
21,30,2.404,57.0
21,31,2.351,58.5
21,32,2.06,59.625
21,33,2.183,60.5
21,34,1.94,61.0
21,35,1.832,62.0
21,36,1.913,63.0
21,37,2.35,63.5
21,38,1.846,65.0
21,39,2.14,65.0
21,40,2.518,66.5
21,41,2.124,68.5
21,42,2.08,68.5
21,43,2.36,69.0
21,44,2.508,70.75
21,45,2.248,72.0
21,46,2.532,73.0
21,47,1.986,74.5
21,48,2.104,75.0
21,49,2.771,76.0
21,50,2.37,77.5
21,51,2.602,79.0
21,52,2.36,80.75
21,53,2.713,80.5
21,54,1.934,81.5
21,55,2.847,83.5
21,56,2.574,83.5
21,57,2.283,84.5
21,58,2.769,86.5
21,59,1.922,86.5
21,60,2.452,88.0
21,61,2.62,89.0
21,62,2.348,90.875
21,63,2.754,91.5
21,64,2.945,91.5
21,65,2.348,93.5
21,66,2.567,95.0
21,67,3.542,95.5
21,68,2.937,97.5
21,69,2.546,98.0
21,70,1.958,98.5
21,71,2.369,100.5
21,72,2.757,100.5
21,73,2.762,102.0
21,74,2.837,103.0
21,75,2.943,103.5
21,76,2.29,105.5
23,1,1.531,27.5
23,2,1.468,28.0
23,3,1.395,29.75
23,4,1.722,30.0
23,5,1.264,31.25
23,6,0.846,30.5
23,7,1.3,31.5
23,8,1.334,31.5
23,9,1.359,33.625
23,10,1.723,34.5
23,11,1.921,36.0
23,12,1.972,37.5
23,13,1.801,39.5
23,14,1.617,39.5
23,15,2.07,40.0
23,16,1.932,40.5
23,17,2.019,43.0
23,18,1.706,42.25
23,19,2.524,44.25
23,20,2.432,45.5
23,21,2.46,47.0
23,22,2.228,48.0
23,23,2.125,48.0
23,24,2.249,48.5
23,25,2.333,50.0
23,26,2.22,51.0
23,27,1.864,52.0
23,28,2.265,53.5
23,29,2.506,54.5
23,30,2.436,56.0
23,31,2.458,56.25
23,32,2.343,57.0
23,33,2.428,58.25
23,34,2.315,60.0
23,35,1.891,60.5
23,36,2.413,61.5
23,37,1.977,62.0
23,38,2.244,62.75
23,39,1.954,63.5
23,40,2.078,65.5
23,41,2.115,66.0
23,42,2.207,66.5
23,43,2.945,68.0
23,44,2.436,68.75
23,45,2.325,69.5
23,46,2.265,70.875
23,47,2.122,70.5
23,48,2.474,71.0
23,49,2.019,73.125
23,50,1.869,73.5
23,51,2.194,74.75
23,52,2.779,76.0
23,53,2.373,76.0
23,54,2.737,79.0
23,55,2.111,79.25
23,56,2.696,80.0
23,57,2.917,81.5
23,58,2.601,82.75
23,59,2.686,83.0
23,60,3.233,84.5
23,61,2.611,85.5
23,62,2.778,86.5
23,63,2.856,88.0
23,64,2.487,88.5
23,65,2.608,90.0
23,66,2.899,91.5
23,67,2.666,92.25
23,68,2.673,94.25
23,69,2.778,94.375
23,70,2.924,94.25
23,71,3.607,97.5
23,72,3.095,98.0
23,73,3.142,98.5
23,74,2.589,99.5
23,75,3.292,102.0
23,76,3.4,103.5
8,1,0.924,40.0
8,2,0.615,39.5
8,3,1.453,40.5
8,4,1.518,42.5
8,5,1.465,44.0
8,6,1.251,44.5
8,7,1.311,45.5
8,8,1.435,46.5
8,9,1.396,48.0
8,10,1.469,47.0
8,11,1.866,49.25
8,12,1.758,51.0
8,13,2.016,52.0
8,14,1.841,53.0
8,15,1.831,54.0
8,16,1.69,54.5
8,17,1.688,56.5
8,18,1.879,57.0
8,19,2.005,58.25
8,20,2.037,60.0
8,21,1.548,60.0
8,22,1.831,61.0
8,23,1.465,61.5
8,24,1.535,62.5
8,25,1.874,62.5
8,26,2.106,65.0
8,27,1.867,66.5
8,28,1.986,67.0
8,29,1.677,68.0
8,30,2.468,70.0
8,31,1.799,70.5
8,32,2.351,72.0
8,33,2.417,72.5
8,34,1.879,73.0
8,35,2.264,75.5
8,36,2.078,74.25
8,37,2.104,71.5
8,38,1.913,72.5
8,39,2.147,74.25
8,40,2.177,75.5
8,41,2.21,76.5
8,42,2.281,77.0
8,43,1.988,78.5
8,44,2.166,78.0
8,45,2.125,79.0
8,46,2.268,81.0
8,47,2.291,81.5
8,48,2.317,84.0
8,49,2.647,84.0
8,50,2.393,86.0
8,51,2.174,86.25
8,52,2.201,87.0
8,53,2.894,88.0
8,54,2.91,89.5
8,55,2.555,91.5
8,56,2.975,94.5
8,57,1.856,93.5
8,58,2.045,93.0
8,59,2.057,94.0
8,60,2.135,95.5
8,61,1.779,95.5
8,62,2.112,96.5
8,63,2.51,97.5
8,64,1.931,98.5
8,65,2.647,99.0
8,66,2.674,99.5
8,67,2.829,101.0
8,68,2.098,103.5
8,69,2.979,102.25
8,70,2.337,104.25
8,71,2.895,106.5
8,72,2.739,106.0
8,73,2.652,108.0
8,74,2.632,109.5
8,75,2.297,109.25
8,76,2.656,111.0
8,77,1.893,110.5
8,78,3.087,111.375
81,1,1.56,38.5
81,2,1.58,40.0
81,3,1.672,40.75
81,4,1.753,41.5
81,5,0.781,42.0
81,6,1.609,41.5
81,7,1.782,43.5
81,8,1.747,45.5
81,9,1.811,46.25
81,10,2.057,47.0
81,11,2.232,49.0
81,12,2.414,50.5
81,13,2.429,51.5
81,14,1.738,52.25
81,15,1.673,53.5
81,16,2.024,54.5
81,17,2.187,55.75
81,18,2.347,57.75
81,19,2.106,59.5
81,20,2.144,60.0
81,21,1.88,60.5
81,22,2.572,61.75
81,23,1.924,62.5
81,24,2.64,63.5
81,25,2.421,65.0
81,26,2.37,66.75
81,27,2.24,68.0
81,28,2.529,68.5
81,29,2.121,70.0
81,30,2.36,70.75
81,31,2.073,72.5
81,32,2.519,72.0
81,33,2.909,73.0
81,34,2.265,74.5
81,35,2.365,74.5
81,36,2.616,76.75
81,37,3.135,78.0
81,38,2.841,79.0
81,39,3.25,81.5
81,40,2.763,82.0
81,41,2.932,84.5
81,42,2.823,85.0
81,43,3.228,86.0
81,44,2.793,87.5
81,45,3.273,88.25
81,46,2.977,90.0
81,47,3.193,91.25
81,48,2.991,92.25
81,49,3.538,95.0
81,50,3.135,95.25
81,51,3.373,96.75
81,52,3.226,97.0
81,53,2.769,98.25
81,54,3.187,99.0
81,55,3.527,99.5
81,56,3.369,102.25
81,57,3.528,103.75
81,58,3.828,105.5
81,59,3.351,106.5
81,60,3.711,107.5
81,61,3.434,110.0
81,62,3.093,110.0
81,63,3.421,110.0
81,64,3.161,111.0
81,65,3.208,112.5
81,66,3.028,113.5
81,67,3.594,115.0
81,68,2.694,116.25
81,69,3.101,117.5
81,70,3.228,118.25
81,71,3.404,118.5
81,72,4.113,121.0
81,73,3.628,122.25
81,74,2.7,124.0
81,75,3.931,124.75
81,76,3.226,126.5
81,77,3.592,128.25
81,78,3.93,129.0
79,1,1.059,34.25
79,2,1.355,35.0
79,3,1.351,35.0
79,4,1.325,36.0
79,5,1.333,36.5
79,6,1.101,37.0
79,7,0.921,37.25
79,8,1.298,38.5
79,9,1.449,38.5
79,10,1.291,40.5
79,11,1.446,41.0
79,12,1.31,41.75
79,13,1.808,43.5
79,14,1.622,44.75
79,15,2.098,45.25
79,16,1.848,46.5
79,17,1.888,47.25
79,18,2.043,49.5
79,19,1.959,49.75
79,20,2.043,51.5
79,21,1.889,52.25
79,22,1.616,52.5
79,23,1.592,53.25
79,24,0.95,53.0
79,25,1.284,52.0
79,26,1.896,54.5
79,27,1.731,55.5
79,28,2.456,57.5
79,29,2.334,59.0
79,30,1.898,60.0
79,31,1.846,60.5
79,32,1.923,60.25
79,33,1.873,61.75
79,34,2.229,62.0
79,35,2.456,63.5
79,36,2.214,65.0
79,37,2.646,66.75
79,38,2.173,67.5
79,39,2.307,69.0
79,40,2.159,69.5
79,41,2.304,70.0
79,42,2.617,72.0
79,43,2.569,73.5
79,44,2.311,74.0
79,45,2.731,75.0
79,46,2.521,77.0
79,47,2.563,79.0
79,48,2.918,79.5
79,49,2.466,80.0
79,50,2.595,82.0
79,51,2.576,83.0
79,52,2.6,84.0
79,53,2.541,85.0
79,54,2.629,85.5
79,55,2.433,87.375
79,56,2.565,89.0
79,57,2.271,88.5
79,58,2.275,89.5
79,59,2.482,90.75
79,60,2.621,93.5
79,61,2.956,95.25
79,62,3.235,96.5
79,63,3.057,98.0
79,64,3.016,99.25
79,65,2.887,100.25
79,66,2.923,101.25
79,67,3.153,103.0
79,68,2.91,103.75
79,69,2.729,104.75
79,70,3.029,106.0
79,71,3.207,106.5
79,72,2.513,108.0
79,73,2.871,108.0
79,74,2.931,110.0
79,75,2.417,112.0
79,76,2.577,112.5
79,77,2.774,112.25
79,78,2.875,114.5
91,1,0.444,30.5
91,2,1.078,34.5
91,3,1.239,34.0
91,4,1.112,34.0
91,5,1.116,35.75
91,6,1.171,35.0
91,7,1.159,35.75
91,8,1.389,37.0
91,9,1.38,38.0
91,10,1.492,39.5
91,11,1.288,40.75
91,12,2.032,39.75
91,13,1.723,41.5
91,14,1.646,43.25
91,15,1.791,43.25
91,16,2.066,44.0
91,17,2.158,46.0
91,18,2.035,46.238
91,19,2.129,47.163
91,20,2.319,46.5
91,21,1.967,51.0
91,22,2.131,44.0
91,23,2.096,53.625
91,24,2.21,53.5
91,25,2.208,55.75
91,26,1.882,55.75
91,27,2.191,57.0
91,28,1.522,58.0
91,29,1.469,58.0
91,30,1.445,58.0
91,31,1.554,59.0
91,32,2.178,59.0
91,33,2.11,60.25
91,34,2.262,61.0
91,35,2.614,63.0
91,36,2.411,63.25
91,37,2.774,65.5
91,38,2.822,66.5
91,39,2.298,68.25
91,40,2.492,69.5
91,41,2.635,69.5
91,42,3.158,71.5
91,43,3.177,73.5
91,44,2.673,73.5
91,45,3.377,74.625
91,46,2.494,75.5
91,47,3.018,77.0
91,48,3.127,79.0
91,49,3.042,79.5
91,50,3.326,81.5
91,51,2.858,83.5
91,52,3.59,84.5
91,53,3.491,86.0
91,54,3.435,86.5
91,55,3.236,87.0
91,56,2.785,89.75
91,57,3.861,89.625
91,58,2.698,91.0
91,59,3.458,93.0
91,60,2.741,93.5
91,61,2.445,94.5
91,62,3.382,95.5
91,63,2.939,96.75
91,64,2.587,98.0
91,65,3.163,99.75
91,66,3.349,101.5
91,67,3.121,104.0
91,68,3.123,103.0
91,69,3.884,105.375
91,70,3.121,106.0
91,71,4.049,106.75
91,72,3.038,108.0
91,73,3.515,110.0
91,74,3.196,111.5
91,75,3.887,112.0
91,76,2.74,112.875
91,77,3.542,113.75
91,78,3.933,116.25
30,1,1.505,31.216
30,2,1.255,32.5
30,3,1.566,33.5
30,4,1.351,34.0
30,5,1.89,35.0
30,6,1.872,35.5
30,7,1.662,36.5
30,8,1.803,38.0
30,9,1.678,38.75
30,10,1.693,40.0
30,11,1.849,41.5
30,12,1.688,42.25
30,13,1.933,43.0
30,14,1.619,45.0
30,15,1.652,45.0
30,16,1.848,45.5
30,17,1.736,47.5
30,18,1.818,48.0
30,19,1.668,49.0
30,20,1.937,50.0
30,21,1.706,50.5
30,22,1.832,51.5
30,23,2.203,52.5
30,24,2.21,53.5
30,25,1.906,54.5
30,26,1.839,54.5
30,27,1.788,55.5
30,28,2.031,57.0
30,29,2.282,57.5
30,30,2.051,59.0
30,31,2.456,59.75
30,32,2.18,60.5
30,33,1.903,61.25
30,34,2.425,62.5
30,35,2.218,63.5
30,36,2.171,64.5
30,37,2.235,66.0
30,38,2.394,67.0
30,39,2.227,67.5
30,40,2.618,68.75
30,41,1.887,70.0
30,42,2.585,70.5
30,43,1.595,72.5
30,44,2.52,72.0
30,45,1.952,73.25
30,46,2.307,73.5
30,47,2.189,75.5
30,48,2.603,76.0
30,49,2.728,77.0
30,50,2.427,78.5
30,51,2.405,79.0
30,52,2.611,80.5
30,53,2.498,82.0
30,54,2.216,82.5
30,55,2.606,84.0
30,56,2.733,84.5
30,57,3.099,86.25
30,58,2.457,87.75
30,59,2.612,88.75
30,60,2.738,89.5
30,61,2.678,90.0
30,62,2.326,91.25
30,63,2.19,91.0
30,64,1.583,91.5
30,65,2.169,92.0
30,66,2.896,95.25
30,67,2.378,97.25
30,68,2.668,97.0
30,69,3.997,97.5
30,70,2.898,100.0
30,71,3.562,100.5
30,72,2.721,100.75
30,73,3.249,101.75
30,74,3.762,103.0
30,75,2.444,104.5
30,76,3.425,105.0
30,77,2.918,106.25
30,78,3.387,108.0
